freq_1,freq_2,freq_3,freq_4,freq_5,freq_6,freq_7,freq_8,freq_9,freq_10,freq_11,freq_12,freq_13,freq_14,freq_15,freq_16,freq_17,freq_18,freq_19,freq_20,freq_21,freq_22,freq_23,freq_24,freq_25,freq_26,freq_27,freq_28,freq_29,freq_30,freq_31,freq_32,freq_33,freq_34,freq_35,freq_36,freq_37,freq_38,freq_39,freq_40,freq_41,freq_42,freq_43,freq_44,freq_45,freq_46,freq_47,freq_48,freq_49,freq_50,freq_51,freq_52,freq_53,freq_54,freq_55,freq_56,freq_57,freq_58,freq_59,freq_60
-0.7563338994948191,-1.0631404477100943,-0.5836985584689907,-0.6788781406344307,-1.0338433069451902,-0.9632990640461095,-1.9246569884025413,-1.0839776076594774,-0.7871577443987297,-1.2224771808093258,-0.9118213288646569,-1.4976838002500557,-1.1450959114930472,-0.6223958532660094,-0.6483508995431299,-0.7049900107333001,-0.793880836538143,-1.076964221432537,-1.454851666356978,-1.7261892447259517,-1.7605394856589847,-1.1632555183078652,-0.7604175559081099,-0.39561289088841783,-0.02770236931127464,0.46172366880735205,0.6531906849318457,0.9916232528156703,0.8374459440065142,0.6405703788981995,0.5584516216616958,0.3473618452389562,0.17797170756838263,0.4984895193592518,0.48024162880463234,0.044742898694256635,-0.9567719526561673,-1.3864382557725707,-1.2365690236625924,-1.1477647005820015,-0.9541444388485983,-0.6388498135331769,0.12031501625893432,-0.1469357395375329,-0.8848022296559658,-0.8141123360071606,-1.1082520759443537,-1.0478940108089545,-0.7206452606483782,-0.9682904687465212,-0.12004723238531637,-0.07217450308226282,0.38429215031204345,-1.1335838206804423,-0.7476931243888015,-1.1434429837417517,0.5928152826114531,-0.3007914683569726,-0.5121517909262248,0.07749670021353057
2.639702715241172,0.22189600640486282,-0.11623100234395356,-0.6850909291754372,-0.6711604512346544,-0.8885675510325401,1.5704515118240878,2.1179832544288617,0.9947524071443,0.6429615557701404,0.38911022555260255,-1.1588838884815469,-1.2803217932484914,1.0469768781078186,1.8374911379177081,1.3592492377483825,1.2224776504290589,0.4981899342963774,-0.45535580936323505,-1.0849549979064546,-0.2853479160109797,0.545511120195387,0.8511474300872652,1.0786745646829439,1.0340148328875316,-0.36932598355042373,-0.45278644656268074,-0.06972193997718444,-0.5864268562920871,-0.03277184652990738,-0.16089393454909853,-0.9434448488002385,-0.705557412933563,-0.8789384524176072,0.5397829006746557,1.351008513375516,1.7521044801653707,0.5347593595226423,-0.9485691922627888,0.17359261299620068,0.8922880266647918,0.7993761750185588,0.4084110453851739,0.06404891210610417,0.4048380999582378,0.8464864993148775,1.2729111777180173,1.7570738136728168,2.2903151315591597,1.1747584894519667,-0.3020762241622684,0.42091260116275675,0.4433592771192648,-0.3833189854779648,-0.7615423833319548,-0.5624411597052693,3.1413174888014304,0.4015681495712011,-0.6663919892095218,-0.568576233324381
2.204194609122232,0.8525157477760918,0.13258237430324357,-0.28954339206469515,-0.3084775955241186,-0.6839455511144338,0.02610124428208888,1.3588162801210437,1.627914029906657,2.0428602210064004,1.5980144674387378,1.2318028128708884,1.263811656522536,0.7981262846110987,0.716146424674704,0.7460513822387866,1.317179418897186,0.7189949021534288,-1.1379098558416267,-0.36431909258994194,-0.7152224058729013,-0.736063858682052,-0.3230618756167189,-0.615584562452479,-1.50617220211123,-2.1282035063290077,-0.034925047854048555,1.3304811886453167,0.3578480696544401,-0.516492064523715,0.0023385746300738463,0.47639609944352174,-0.6568439154788609,-1.3084862790981746,-0.724150174338378,0.13933454665393405,0.4297757904367535,-0.04308402987713904,-0.21848703438752365,-0.42565988344355615,-0.5628821437319386,-0.23572404685221304,-0.44807148455416357,-0.9863532464340035,-0.8610543770390291,-0.8530443195223751,-1.0646031595723469,-1.4001457841159675,-0.8406266045503864,-1.179576985752006,-0.05937090179299907,-1.058348711572302,-0.7970503858323859,-0.015264538020145704,0.24945351951824526,-1.1962613313814319,-0.127795686035368,-0.4604186542497394,0.41328939877355725,0.5145460376068237
0.031287143486242855,0.7870740765017189,-0.09612487089771535,-0.7472188145855015,-0.5101646469924165,-0.38679882079857475,-0.3322012882518227,-1.1819727225390246,-0.83505855492408,-0.9069262521700049,-1.529240934755292,-1.5358584381958031,-1.4257682358342882,-1.2736845159332055,-0.8382028337907004,-1.2712936383998454,-1.1004778119537038,-0.8608823544922135,-0.6340736116071494,-0.8828758954756623,-1.4773236555236713,-1.485060689215416,-1.2779887019856642,-1.1101954215906054,-0.9139663050450239,-1.9856997999150943,-2.669044122514747,-1.8026379123287943,-0.34812000139181243,1.1496042143893044,1.4022093481924325,1.3076923198765302,1.810829038917654,2.265723688182846,2.309063099597194,1.9331975847463878,0.8100860285422404,-0.12925785762524208,-0.4718441571629343,-0.4523427404278867,0.21557285353582886,0.5722878610367058,-0.6410816321461269,0.0587742958150132,-0.27395468734253736,-0.17547806795950557,0.40223016166588155,0.30892763452176275,0.12208084533001241,-0.5230795936278213,0.06198175939163581,-1.0163838516365558,-0.8265839492359967,-0.3266952243306081,-0.1937227666626644,-0.1398943785878278,0.4522082643389029,1.3274058277492482,0.22820116083360087,-1.0626320060298429
-0.8906927832974708,-0.6347949630051086,-0.07601873945147715,-0.3620259250431033,-0.14748179128188071,-0.5825242120245898,-0.28741347168508385,-0.4995489104862739,-1.1442365137695225,-0.5233474609928562,-0.785492927117386,-1.6941241246792145,-1.5759318603417871,-1.4201434589807542,-0.971200712862528,-1.3123819142242323,-1.08272123036593,-0.7939717581718948,-0.49468151312496783,-0.6345105181864203,-0.42452399105765914,0.9580239474640131,1.2393257896454313,0.8539303321973745,0.025056305220176142,-0.06300960527752571,-0.6034059002681611,-0.188234430487553,0.5880550493434358,0.7956738170180024,0.34517361539893765,0.8741743579086745,1.8394840374204198,2.09830150376798,1.7991938537735106,1.08299884415643,0.18916284374062867,-0.44857976378071374,-0.29242594980973524,0.25920011248759467,0.18592296192966298,-0.3789011750474899,0.36725446979571097,0.041443413715714465,-0.5503533053007734,-0.7729342765199143,-0.9405483446203275,-0.8505677859471554,-1.0006017297530638,-0.22878765922732464,-0.25006794079742495,0.09568493666072247,1.2259987073149492,0.5509730734534222,-0.3737631329236589,0.810835878926416,2.4207065201546096,0.16212737073205083,-0.0494311960763337,1.046606100520398
-0.71463631486641,-0.8906124052594752,-0.6038046899152287,-0.8134885590229032,-0.5809320334725211,-0.6501384380844858,-0.96918356831211,-1.3992149049225993,-0.6930979710034965,-0.8561102584670492,-0.6666940327590255,-0.7381675661211216,-0.4414496081725684,-0.2238460746189191,-0.2610326486583802,-0.7460782865576867,-0.6210501090838113,-0.48500223986924673,-0.34166169551743336,-0.40458438860501594,-0.4364961265455455,-0.21891730332886536,-0.11990310799749199,-0.033332130028474516,0.588224482195429,0.7742551620017295,0.9122561453052714,0.8761833083555708,0.48019881626692495,0.40952608828650444,0.6384308740102301,0.2665993983627176,-0.28337376832614664,-0.7516806809305493,-0.9461109916259979,-0.6331639116834317,-0.4913923191849795,-0.30352048707140666,-0.19935598634121723,-0.6313402393644375,-0.7489206793000383,-0.12482045165177336,0.052193787697064904,-0.3420965423078972,-0.3498158832021965,-0.2855357905890547,-0.41101806968624505,-0.37111398339038765,-0.5692402314387012,0.42016378586094993,-0.23273184634247726,-0.9219629167811264,-1.1809867100793254,-1.2043635221146383,-0.9692812674792561,-0.6152595073449497,1.0322122147131734,1.0081514559637146,-0.8052081676644891,-0.055518315514863
-0.15403545486224232,1.2749119896379526,0.1979273015035177,-0.6001828191150161,1.6977778111868458,4.963621646625304,4.206297457177725,2.6764373428388115,1.5103393131626153,0.1888960636501824,0.3439331812191413,0.6520254990698486,2.3063088612185756,2.6003489422006236,2.4496874820422274,1.5615643350141115,-0.1798977043031202,-0.9281865425555929,-0.8871598239351326,-0.4911359594785397,-0.2917081129889191,-1.0382972531133543,-2.0563608850664723,-0.5921556270196205,-0.20683647353433957,0.28104139930435285,-0.10248863137336418,0.4591949158190893,0.7035848484095798,1.1339557963000657,1.260024010683927,0.2860937820914648,-1.3579362121798642,-0.5533953160553661,0.4565004887551922,0.3668049381760154,-0.9246624259740155,-0.4825705513924656,-0.23865219313903602,0.354257790494272,-0.008254759569541052,-0.9920983019493929,-0.548834135135262,-0.6450102207391192,-0.717907598764716,-0.6494000980581757,-0.8233854638323093,-1.2158659212285026,-1.1720036496130755,-0.38725254698143813,-0.6748022549436464,0.4838598910663762,-0.5164815334980839,-0.3833189854779648,-0.7476931243888015,0.5819563724878015,-0.8132549001140515,-0.6040831215532294,0.012264883236985,-0.2645419116594815
-0.12160400015125745,-0.048794542957315765,-0.7344945443157768,-0.5421967927322896,-0.9736910284371013,-1.2373146117625304,-0.8928783993465548,0.09904775510324973,0.12905412237706065,0.31757527351089243,0.3999861806699174,0.030892327494249392,-0.7732247366655761,-1.6638096651129586,-0.9214534145837527,-0.8697897257245898,-0.7066762914070761,-0.4688649784037581,-0.48300061101752245,-0.39592923151766374,-0.13457383471041007,0.43259702514010595,0.6169505174151012,0.8760576601061854,1.0585537512742529,1.2967687521860793,0.9892872373432171,0.27835363400326774,0.29859108784560645,1.1560476806613436,1.1805124732614074,0.06237252120441264,-1.2137060530492763,-1.0683453681192747,-0.8409716571213358,-0.7285062870078683,-0.3829705407777134,-0.7631142350612905,-1.1848634884023046,-1.3495538065260013,-1.2209934633040913,-0.4516633221631224,0.018842769546983128,-0.21701278454774095,-0.3682864352375917,-0.14777646430444918,-0.3363554495762335,-1.4719007749748036,-1.0577357030397343,-0.6513606932382942,0.15733027889384885,0.14814101158040546,0.31045824180301657,-0.8363090746568191,-0.7338438654456481,-0.38638000090633534,-0.6902237591255699,-0.6519712773210594,-0.29621551332960894,0.9135910847920042
-0.39495483271527304,0.12968274233642824,0.31605082375016674,0.5160481887524707,-0.25540205566404006,-0.28893612518556744,0.012830780114166305,1.6421756484474455,-0.42572435588926866,-1.3831212899347982,0.0076151845144865485,0.16848008509038098,-0.6906740530357994,0.5220576574506754,0.7186845521379068,0.8474322367185234,0.2557304306502635,-0.22405091422000395,-0.5857925495630419,-1.106028423858269,-1.3710709530686793,-1.9273075615152662,-1.602478400266374,-0.7153744726294694,-1.253421342728001,-1.3304491124791553,-0.7415454563809016,-0.8132780841422368,-0.8008603947801699,-0.7309674418644516,-0.5748216440722148,-0.2291149307397134,0.19325437343652457,-0.04309588022520381,-0.632577205576253,-0.748400562173991,-1.0635257037033217,-0.5740105575029529,0.00126149046869985,0.2786563623720021,-0.020463538466197546,0.09639994724010936,0.059999345136445704,-0.16803420470189656,0.042683347549952434,0.06260598507584521,-0.5086538036762603,0.14910970033617343,0.3334765464906936,-0.3721606529096179,-0.7094744438535422,0.6202456858575518,1.0930976719987011,0.76331217775601,2.7423201292858623,0.12419735961057314,2.86010345225633,2.349019817462955,1.6934830445249225,0.5525503278149358
1.9864405560627614,1.3968714679220111,0.39898861596589924,-0.6540269864704051,0.17274063254059252,1.3658330915434675,1.1988785151222534,0.6846571163111462,1.1018760379555377,1.8191059261530638,2.196191998891047,2.2633133423632734,2.6027051252988214,2.5608179885461966,2.769491542405782,2.707569941159503,1.8644767225025691,1.7100589111802669,1.5572636237496038,1.6248617927902589,1.0925700527979483,0.7190224462636684,0.7423123760055369,0.3137632097175787,-0.3888334515691888,-0.7062739996506122,-0.6167464804535037,-0.6859868906311007,-0.6989724908067072,-0.6476626279188007,-0.6548008964207491,-0.8626824019239997,-1.3268932971352014,-0.986325409087749,-0.9962311761748152,-0.8339834817565563,-0.7382603684815237,-0.8957261810958717,-0.8187882987594662,-0.31448131267551216,-0.41463268570110906,-0.9428078151936417,-1.1420565005282084,-0.043703963554753394,-0.32870668087603044,-0.742237904902149,-0.44203177342424993,-0.02701618631733299,0.3820404237843633,-0.8777391043155992,0.46071193185543563,0.2215795164679615,0.19232398818857357,-0.14266800060169868,1.44048978862944,-0.7208962026243101,-0.23325094973978083,0.3536799938033711,0.04311292289364448,1.0846103907285103
0.4019323401832132,-0.2927134995254326,-0.49322096696091894,-0.6395304798747234,-1.035612491607193,-0.5344825250872951,-0.5843401074423532,-0.33661727369859307,-0.6112311311965342,-0.9544637946663181,-0.5671372128389907,0.12871483723022734,-0.019261826180280887,-1.1175048465771913,-1.27932938689535,-0.934548421317373,-0.6814224864822422,-0.3070987720058113,-1.23135707270119,-0.8836285178310842,0.007221144974244912,0.2786574755480727,0.7495680462776518,0.752838814496336,0.354286793575353,-0.38353196051380445,-0.5767247398974762,-1.126677781269656,-1.0088992949435585,-0.6605495604628794,0.014966877632474174,0.7112570081755721,1.4402243916152162,1.0413432688256385,0.7647584659050615,0.5942753296980968,0.5519587945649419,0.3705503433137567,0.46247486499046797,1.5605452833275486,2.470127356451738,2.2223455843363715,2.7025353364322977,1.459561679406161,0.8012953061465428,0.6368527419252608,0.22763449617785445,0.07246232373696229,-0.5920938207533695,0.5031692032559618,-0.8394951522656507,-1.2996466562028437,-0.9299514211486343,-1.1618957012541207,-1.190869410569711,-0.17510661034761454,0.2940253687822833,-0.3646423427140792,0.07396096255030397,-0.13152689593108793
-0.3625233780042882,-0.5753025345738607,-0.7470608764696756,-0.6685234930660867,-0.2730939022840662,-0.7480011336974932,-0.9642071442491392,-0.9564658919125967,-0.6147148265074687,-0.7159564693830912,-0.9862797908216576,-0.9735778334532309,-1.0672624097849719,-0.8505088973046692,-0.7295709783656199,-0.7760012700384901,-0.9284362659032732,-1.070273161800505,-1.3851556171158874,-1.5722779730421639,-1.3583505591128,-1.2916012063540343,-0.9035154973859385,-0.16262514408387962,0.9068214392496932,1.2967687521860793,0.4350076477070497,-0.3730261286537202,-0.49562299208142785,-0.9983712921540826,-1.1000655059868585,-1.583974599887649,-1.3932773769999423,-1.0543935194180358,-0.7237733308455296,-0.7592861089630015,-1.3112277666799217,-1.0584989668422888,-0.7696680402621927,-0.397309347897705,0.11790262236257658,0.04358871143037606,-0.40904369735725915,-1.0956131553208868,-0.8175166472413117,-0.5670439790836833,-0.9681160812763319,-1.1408493398760828,-0.7406421512987129,-0.8098255809924076,-0.19805965743258153,-0.6072264672630289,-0.6641493505161375,-0.35500710490428655,-0.06907943617428357,-0.6856839708645232,-0.9011342865343955,-0.9233374933387628,-0.4813037512695654,-0.8346062647811682
2.0605695954021557,2.5867200365469714,3.1082898283464906,1.9926209319983303,1.2006369211641115,3.089995856070817,2.2588568405350755,0.46741493392757166,-1.070207988412163,-0.6987446005482191,-0.42073012472129273,0.6019212867660553,0.4721112906636289,-0.47917715232128266,-0.5513944304487822,-0.48034432878040395,-0.8570153488502275,-0.7652395609284639,-0.5238837683935813,-1.4277744808011505,-1.292877943163421,0.12208326373808322,1.2909216671360286,1.2752173008141465,0.5052011416536885,-0.24768730580147583,-0.9300349441609027,-0.7048611020827519,0.5228297384315538,-0.2744018317313811,0.0014031447780443078,-0.09915237254806478,-0.04601486406157006,-0.9174117321695084,-1.3753357299801556,0.1535983665843615,0.8017458917416814,-0.39448174969440447,-0.6290289843542096,-0.2594479201453306,-0.06406632023997097,0.9490080098128029,0.4964009656109221,-1.011972811276445,-0.5312230906926855,0.3493550175052143,2.2481198619241693,3.2639286217083727,2.7131065338805223,0.06550427517317203,1.7175787798391522,3.2745230767935087,1.8019031936853585,2.6035844150451055,0.6787805467560015,1.3742315870830049,1.717671428791857,1.870138259784655,1.9556913816065276,-0.18853333124325658
0.14248070249533393,1.7151559600291881,2.24372617615825,1.8103791347954754,1.609318578086715,1.203914813347401,-0.7668089897512896,0.10022841913794293,0.3380758410331347,1.2675065106354975,-0.3814093639125395,-1.3879317161560316,-1.6789236656322706,0.5499237395349433,1.1684407386174462,0.7969651153255269,0.4664418654918459,-0.04103075369677914,-1.141024763070279,-0.5159724972074639,0.6222896056644097,1.3125742059375956,1.152257746380048,-0.5461654945032688,-0.6444471847642018,-0.11228658786925282,-0.5866225897124075,-0.6758913821802172,-1.8099343224169333,-1.7016296109880864,0.33348074224856683,0.8774234218634653,-0.616726917574989,-0.9313635808707473,-0.3405234986188585,0.5079416827507721,1.075719385640042,0.46725652778662813,1.1522267053627089,1.632811354326777,1.2033212033177088,-0.27503907795501453,-0.3700159101603548,-0.3021601618182088,-0.45734088255110456,-0.8013845721656481,-0.1835842422742096,0.16867924329767425,-0.04932107452999918,-0.3268849706941568,0.27868294007848343,0.7251578356969177,2.067705264317855,0.35278990943767335,-0.3045168382078917,0.9692909218454565,0.22372185964600821,1.0560396117315445,-0.6818160090378516,0.6855653435433297
0.03592020844495496,-0.762703684132292,-0.7822466065005923,-0.8714745854056299,-0.4730117690903616,-0.06296226440644113,0.22018178273795774,-0.23508016671496582,1.1227782098211452,1.2347219985690745,1.6641068100747267,2.100275826136643,2.0350709007207373,0.9685630192195294,0.06029428818309644,-0.3124183319329111,-0.2690752029439397,-0.44682384079235904,-0.16605880050217126,0.2765388430518444,0.36825585578081993,0.7777377756924148,0.7729474282655788,0.7350501783343508,0.9383130511793185,1.2901097004844948,1.2582505475315746,0.252456460151002,-0.7509822158475543,-0.8846901372116749,-0.5841759425925112,0.11203678451336398,-0.0054202828493184665,-0.4147223956309309,-1.175985522263431,-0.3471367857101214,0.20792815154188626,-0.06558497378914369,-0.20039009704642285,-0.3122577412601512,-1.3988928129410867,-0.5701952069805236,0.6957974783805605,1.8807774660804222,1.5625459150339038,0.6840203373379243,0.040403618055825166,-0.715211780463442,-1.1777170469417426,-1.0814796742851738,-1.0561963329524986,-0.7960683369738875,-0.05871130074211767,-0.3833189854779648,-1.0800753390244837,-0.5096228120655891,-1.1296206912272901,-1.1308528349993596,0.012264883236985,-0.4545633627000437
0.11004924778434906,-0.4711907848191766,0.011945585625814685,-0.709942083339463,0.3531974680648592,1.4120954567423438,-0.14475598187991512,0.45560829358063826,0.9660119208290896,2.020730675361565,2.4931892347869486,2.5512137368707855,2.146710872867674,0.7417460720219983,-0.4427625750237017,-0.8358472370000966,-0.6593254071730127,-0.6479492214963758,0.09909767733683907,0.4868967913922779,0.8014975087487098,0.953131003344951,0.43072164709747646,0.34630339781877145,0.12607485257884507,0.09281220453955741,0.6927820841915718,1.1149640299764614,0.8208198843623088,-0.05348298811860541,-0.34377047062089333,-0.06666173300015263,-0.007808199391215619,-0.3889326146983378,-0.9743742535896165,-0.8756488505007,-0.6302555969142856,-0.4342174591560299,0.9940077674662277,1.0963747503709655,-0.8465909104732906,-0.25743533268510344,0.6645752486230373,1.7662429409024478,1.7327388587886174,0.24977898274514615,-0.584465079480272,0.4703763639541439,0.7391277568260541,-0.8551012632078687,0.7467574903620744,0.7566314806487278,-0.7232164773233591,-0.751373432935784,-0.1798735077195108,-0.808926782023777,-1.1296206912272901,-0.3327169055355259,-0.20367139435963072,-0.24553976655542523
-0.927757302967168,-0.4890385133485511,-0.46808830265312124,-0.183925986867586,-0.1722503765499173,-0.46686829902739907,-1.1516524506210466,-0.48420027803526056,-0.40569310785139495,-0.6405520916303183,-1.2272240272667836,-1.0356116201150705,-1.2630254595355854,-1.3287686316811773,-1.3509045813576694,-1.0502208499968961,-0.5042512613064548,-0.5586038958215973,-0.5005219641786905,-0.24691000514411848,0.08055047483754905,0.7205279675310724,1.0905845490670685,0.8209562749214993,0.4941586283796642,0.7445113977346512,1.2582505475315746,1.2681523973398636,1.2808075345186534,1.043747268491516,0.8835134952419963,1.1034654427182258,1.1149901586088247,1.2167983358260672,1.287817233978434,1.0773683889207353,0.9773057713934469,0.762162516080137,0.09743378605283538,-0.46123702608933015,-0.7157825651519705,-1.075422696226972,-1.2151449020060474,-0.9833391799819514,-1.1460286084422702,-0.9990392577044299,-1.239198825060374,-1.0348476488346208,-1.2091407322494114,-0.8098255809924076,-1.0041880495876552,-0.6282088972309021,-0.7970503858323859,-1.1902075818277988,-1.0523768211381768,-0.9497757090629243,-0.3738579680123314,-0.42849321707118593,-0.866904246977808,-0.7015912490527746
-0.8953258482561831,-0.5782771559954231,-0.9355558587781583,-0.9729501315754013,-0.8923085339849812,-1.0237960031523323,-1.1997578832297662,-1.4865840434899065,-1.1059158653492422,-1.087241068535331,-1.1326868789393556,-0.6395497514279407,-0.870713163047408,-0.08775590630040075,-0.4777887340159006,-0.38253636785061423,-0.18818410904408125,-0.6070156802180633,-0.9638644144406906,-0.9780826234365383,-0.6583547623054408,-0.588522774476485,-0.8108041550200213,-0.7774177646090764,-0.25632329228089407,-0.22549046679619333,-0.19113893841144663,0.15457392169243847,0.9001133995885187,1.9117742248533816,1.5668450021496494,0.891812133663255,0.979834082337446,0.9026703484012032,1.1694883772240832,0.7725730788284411,0.5486227398447182,0.18001043529295063,-0.6243754861807836,-0.9598729159840073,-0.42277187163221336,-0.8195815983042641,-0.7013973032686156,-0.7075520996191972,-0.5628868941819345,-0.6561383259742705,-1.0554139140203453,-1.2908825025809219,-1.2548479108787478,-0.6211769050946534,-1.2208892302745027,-0.6596825421827118,-0.6493825688143322,0.3244780288639949,0.30485055529085914,-0.5096228120655891,0.1709942277938018,-0.42849321707118593,-0.34248757281459813,-0.7966019745730556
-0.21889836428421208,-0.5663786703091734,0.09488337784154718,-0.19428063443593002,-0.18994222316994344,-0.5184686294415303,0.3097574158714359,-0.2563321193394459,-0.27069991455268055,-0.4840060465131487,-1.090856282334299,-1.7052583940800574,-0.9037334364993186,-0.0339678873935575,1.3329113982329885,2.064449102169104,1.8550065456557565,1.4817757002050622,1.5926956934755214,1.295213201115447,1.474181871474328,1.4032818622986714,1.3465484725555785,1.2769527775128766,0.8855543766478682,1.1742422008769202,1.1183896262336288,0.29152168850441984,-0.8477544091612617,-0.93163539147939,-0.17352223755149862,-0.19755259517888435,-0.4180522612891459,-0.38216808199470687,-0.622025587776502,-1.1549194301911763,-0.3675412876966795,-0.6793341247506346,-1.3125761604952157,-1.1861213074969765,-1.309943138122589,-1.4938050421418585,-1.1250261933877408,-0.5206799795919758,-0.42831572935262624,-0.9556151222451521,-0.847507233406313,-0.7739204093479443,-0.9234708658160586,-0.8098255809924076,-0.06803894902047293,-0.42887581253610685,0.6353274392427347,-0.36916304519112564,-1.02467830325187,-0.08707603094814761,-0.6023443727052259,-0.8115984632138261,-0.6818160090378516,-0.8156041196771121
-0.1725677146970909,-0.7746021698185415,-0.38012397757582933,0.4684168099380882,0.8025703722135232,0.8978714743394499,-0.002098492074746649,-0.10284579482931168,0.36942909883154573,0.46264673940481393,0.5129287915035698,0.44365560028264367,0.5444414134630523,0.8966296445368839,1.0598088831923653,1.0859228811774628,1.2895580697606488,1.2637258745494353,1.0791253641515062,0.938470204645445,1.098181991307895,1.1289006113143383,1.1421804265576658,1.3168687415836728,1.199243550024788,1.2967687521860793,1.2134950527162323,0.9249051100098333,0.37660567540687706,-0.040596055574526696,-0.2941926884633223,-0.3312283693188656,-1.039865728799164,-1.3194786447415752,-1.275472204375369,-0.9022996719496567,-0.42508823162053594,-0.5998627058273839,-0.8461922324474188,-0.5357266685039196,-0.6826444510039026,-0.3243295647107655,0.030196307640627962,-0.5169123965269108,-0.8735879659201902,-0.525865919596437,0.23912105311785625,0.3007736582878041,-0.17501581576067443,-0.07032277147321099,-0.19805965743258153,-1.1003135715080483,-0.5903154420071108,0.6217527748876179,-1.1077738569107907,0.8812603424459894,-0.5496167408530195,2.6682741892484887,-0.0494311960763337,0.13450313552569923
-0.39958789767398517,-0.024997571584816497,-0.0006207465280841734,-0.676807211120762,0.335505621444833,-0.08431412526746106,0.5735078912088987,0.3363612260766109,1.2316436882878503,0.11840936270737308,-0.52948967589444,-0.6530699357003927,-0.3227338631430797,-1.4635627031585672,-1.2473489808589944,-0.617454118759607,-0.34246907350673805,-0.5381371251824411,0.0480910714676609,-0.30373299297847534,-0.10352110828870434,-0.4428635918551726,-0.8881979712559174,-0.5500703170754114,-0.05428619756355579,-0.2947446044926749,0.011982153442801102,0.48772570057158565,0.15705642625903887,-0.9155267257992917,-1.7731072845221856,-0.8487578421177516,0.4129426952910623,1.4675088291543905,1.757741069560203,1.7631578366283964,1.3004860724151053,1.3356972140925132,0.8750850363675656,-0.2511095273377273,-1.4169152960742466,-0.0068753583433690335,0.24591353141988104,1.586905987005356,0.4246279771390184,-0.21066659152133424,-0.2674361079362227,0.6513946363480256,-0.40355170890735664,0.918196290231021,0.599400687495018,-1.1003135715080483,-0.634615787112527,0.7491562374691709,-0.27681832032158493,1.4798682823623652,1.7703990606440632,0.11423921496422082,0.1510810616919523,-0.6635869588446621
-0.2559628839539092,-0.19157637119231097,-0.6490434856692646,-0.6374595503610547,-0.626930834684589,-1.6323240376913968,-1.6094834644143783,-0.6034473455392879,0.5836763604540213,0.4052738432885739,0.002595512921879848,-0.7023788430469833,-0.7205495385399091,0.12674812090640722,0.6410178517639008,0.8661899278557432,1.125408337749229,0.7075807416046686,0.7197429426457702,1.065287071534043,1.4446256619886082,1.4123149899030936,0.585106186776373,-0.60387009473605,-1.1826674613796215,-0.8434504647032576,-0.6137340913793944,-1.723629585321882,-1.9361218520242347,-0.8681212239407168,-1.315214371953676,-0.412454968188646,-0.03312011473532528,-0.7094023515328556,-0.763341897594596,-0.018693563627908086,0.31593292310912424,0.15272205650605108,-0.3782571383418132,-0.7369598815940792,-1.1053007489976794,-0.2973371552969019,-0.34588964171135944,-0.7911924436636391,-0.8663316776205707,-1.0215000174247462,-0.7004793045742901,-0.2585891113617584,-0.1978694050753427,0.32961242143002795,-0.10271113793036851,-0.07217450308226282,-1.0628524564648825,0.23954238714295975,-0.6784468296730343,0.546744140728015,-0.4793132317167442,0.22597824508915768,-1.1136885642310832,0.47654174739871114
-0.44591854726110647,-1.015546504965096,0.5372182696587864,-0.16942948027190435,-0.7631580536587903,-0.6109933598392827,-0.4848116261829332,0.16280361297668997,-0.8315748596131454,-1.3257483938185581,-0.6549814657096096,0.8508517383706169,0.4312290473422153,-0.05211324316936014,-1.4981159742234327,-1.3771406098170156,-0.7118059705324329,0.07744036096449086,-0.4421174536414636,0.008605284521631753,0.15874348474280736,0.3716234138102542,0.6895072201362538,0.8452529487037231,1.2908555120018808,0.6672663979962679,-0.22083248785624138,-0.8260072034933506,-0.6844779772707335,-0.6057800971505453,-0.26987151231055173,0.046127201430456566,0.5390246887032317,0.5208970339400297,0.5590019188099165,0.5484809604477768,0.28632543746714006,-0.4169826936064091,-1.0576678716619963,0.36092850474035476,0.6742741177959249,1.3034300812470132,1.232961749436135,0.24790696568127366,-0.27131603705176677,-0.40682389307876166,-0.7268983855362943,-0.2520659303745915,-0.5692402314387012,-0.998474256890162,-1.1862170413646071,-0.4078933825682338,0.1480236430831575,0.08382704398772856,0.02786537642779056,1.0045031536052433,-0.127795686035368,-0.8754493375709328,-0.3887596322995872,1.046606100520398
0.40656540514192546,0.6145460340510996,0.5020325396278696,0.00038673984893794537,-0.9011544572949943,0.6914701526829252,1.4576525663967452,1.6740535773841654,1.1976776590062383,0.5167411843144117,1.0383210848630806,1.2691821458594328,1.5138222983727172,1.9743341679354378,2.440042597682057,2.061769432006644,1.6253547571205487,1.814754314834413,1.8975672384798459,1.2711292857419447,1.0588984217382678,1.1740662493364507,1.0442288778841102,0.48514153371719243,-0.05142332375177196,-0.33780647216292264,-0.9515520089759714,-1.5717580234085953,-0.6780833389460391,-0.93163539147939,-0.9461872953279826,-1.4693290574828735,-1.6779170287940826,-1.0848339165843754,-0.7411081315165493,-0.7480251984916113,-0.7774590114441505,-1.1303104899657082,-0.21796997903492082,-0.10546559963158972,-0.782058793448106,-0.7996306869983649,0.28139333796252136,-0.07761221114033795,-0.6156598999973495,-0.2039283636052393,-0.2513549282202202,-0.6793342850340242,-0.3692713249353543,-0.14578224183231275,1.648234402019361,-0.14561300796981905,-0.6641493505161375,1.8533195798426279,-0.830788678047722,0.07137901197089296,0.78614993273621,0.5771580540532443,0.27447322031858995,1.1226146809366226
-0.13550319502739377,0.20107365645392583,-0.10115140375927487,-0.6105374666833602,0.9741812844277769,0.515317300579512,0.6879656446572314,0.9786424609497881,-0.7383860100456457,-1.1519904798665166,-1.1301770431430525,-1.226484809843808,-0.8785751329169104,-0.8939281414824821,-0.6437822701093647,-0.35038032590109414,-0.772967529334765,-0.6369286526906763,0.02433990384918865,-1.2915498344697784,-0.4046951416558472,-0.369845810386091,-1.162704163217611,-0.4554868369946122,-0.6882082558871883,-0.6055003505666295,-1.3212151824988498,-1.456757014098534,0.11186764876453215,1.2945822055101885,1.3816298914477805,-0.1627411956632642,-0.41900742790590495,0.4295758424410112,1.094119678654433,1.3149735998670673,1.037771763197499,1.7871523227950759,2.8947032436344107,3.2148824163560428,2.792787941577661,2.582635570860552,3.7286113416454554,4.228735232228898,2.646371521967989,2.1312419553169595,2.0815647862941433,1.492884983692557,1.2333366257557548,0.027774539993621148,0.37403145958069645,-0.37641973761642405,0.6648610026463453,-0.14266800060169868,0.5402879573244674,2.025657874639061,-0.953861918386602,1.9499518527310384,2.696044333366353,2.1487305165556583
4.757013401372615,5.829057386049988,6.6117832328534885,7.724953825833588,5.742133948524822,1.3480398741592845,1.0943736097998626,-1.488945371559293,0.20395357156215377,0.2167628989066418,0.556432611972829,-0.11464847967391292,0.38327103113824973,0.2583019502809751,0.2755274970626952,0.13419336181042146,0.16497456920164186,0.11955467747198573,0.1170083939015884,-0.7033754637075282,-1.4279385966361398,-1.6088898134593739,-0.8845701361198599,-0.12401078753713109,-0.7254256154403821,-1.9013518116950208,-1.2536515989795345,-0.4472061690102102,-0.5032965580710611,-0.7677872491332477,-0.6473174576045121,-0.9550486486387786,-1.620607031788551,-1.1156970970446916,-0.3680330735967807,0.28797856487628415,0.06322677805218892,0.03112121068372771,0.28564193440028357,0.5477085036306687,0.38126342427616783,-0.07905071395000436,-0.585733133939608,-0.14994980598958493,0.5367706144967753,0.433208520461061,0.731894345843933,0.9074294900943267,0.4020373144346982,-0.07032277147321099,-0.05937090179299907,2.414243448110709,1.5065675596492514,0.6783765360349748,1.2189016455389852,-1.2314735631412186,0.4697841416229716,0.8006361143031177,1.5083948065849662,3.117839916862526
-0.7424347046186828,-0.6853635271716695,0.5347050032280068,2.4813602972241684,3.185662111931044,2.714558969264552,2.9091095847632857,3.2986472891222016,2.8637549414606935,3.2403145242324984,3.0035225133686394,2.398515185087796,2.2198271926540474,1.562175372456496,0.9461007728408792,1.4869801821589754,1.7062458510204073,1.3668469112313384,1.269524068502866,1.4145038444498255,1.474181871474328,1.120243864026767,0.5270608245994512,-0.5847798510500167,-0.9331884577812888,-0.5136054370847603,-0.7006630332322715,-1.315858830936207,-2.3620047644488764,-1.5930111795451383,-1.4466422661638407,-1.7849524130911625,-0.8177894904027289,-0.8738650528898839,-1.335390319738241,-0.8493733927341228,-0.9847114109380397,-0.41219525873151447,-0.04113704844473615,-0.0004018502557880366,0.0603469504211956,-1.1792847933194472,-0.8603468365796443,-0.5794542754069889,-0.5681641947634759,-0.8620286234105016,-1.3908213766683977,-1.0854023014851644,-0.4349753942150255,-0.6136309580587433,-0.0853750434754208,-0.41838459755217033,-1.0776192381666878,-0.1143561200280202,0.401795367892933,-1.3547163743004724,1.7879749379281327,0.27386640085698766,0.5521055772285245,-0.07452046061891927
3.691408460868825,2.054262802087302,-0.4303893061914247,0.6278783824905864,-0.028946418927705376,0.16301159637268517,3.5311625926346597,3.8653660257750055,3.336666579920061,3.2780167131088853,2.5617914132192414,-0.12101091933153746,-0.19379755728323783,-0.13895173152498644,1.791297218087417,1.329326254267579,-0.905155414488192,-1.3890824736796705,-0.24276339100772923,1.1717831348262482,0.7229303696094551,-0.9543644424555954,-1.9463165526060575,-2.259080996150042,-1.9458278232066524,-1.8787110359096326,-2.093677809359813,-0.3664421014031444,-0.26243184784090856,0.4965128829590352,-0.5954011008168669,-0.060163605090570144,1.6880901286641408,1.9562463169917288,2.309063099597194,2.0277892327060654,2.423902499450392,2.8705488349837296,2.101023277388992,0.8868031444732027,-0.5000941379777049,-0.4868708127029446,-0.5743795958459632,0.5440389945953786,1.5678232156154457,1.0703454045273615,0.3379054428018716,-0.6369336086174391,-0.5435299434596995,0.05041238110135152,0.07931785384658353,0.5048423210342493,0.029889389468714504,1.8108517589821105,2.5484305040817143,-0.8969573614232441,0.08311484137345766,0.7208225213567345,0.027688903065314876,1.4456511477055785
-0.23743062411906063,-0.4741654062407391,-0.6565832849616039,-0.03688999139710064,-0.03248478825171071,0.15589430941901194,0.10738283731061517,0.47331825410103834,1.2011613543171729,1.0101480909140774,0.5890604773247727,0.0642951356967785,-0.1088882826926102,-0.7111784868833286,-0.8651069849006503,-0.284281795227081,-0.13136304796320522,-0.1886276573445411,-0.7687933492463528,-1.2738632091173627,-1.6595245924799429,-1.846009413075464,-1.8080557246429727,-1.3132461953420465,-0.43872925228885573,0.20690395702670913,0.5722865212271876,0.6927084156395191,1.1141206288549548,1.9117742248533816,2.1271674835154046,1.614960939601071,1.0295027464089066,0.8075441072563926,1.1163534447324799,1.4868901663969576,1.8809595937340062,1.971947308966009,1.5741438730866577,1.396556891444684,0.8638008759059267,0.3023637668980692,0.9342217783471036,2.109846516436371,1.567163553042753,0.5515018549880593,-0.17898961949820894,1.1585719581002527,1.1676325564760832,0.1711475336759143,0.4433758374004876,0.9349821353756497,0.65009422094454,-0.3266952243306081,-0.4707079455257329,-1.0554124043422846,-0.3914338452964001,-0.39656777989263264,-0.8206321874928189,-0.8726105549892808
-0.49688226180693995,-0.7240336056519807,-0.05088607514367943,0.20540876170214967,-0.2978624875521028,-0.4010333947059214,1.487511110774571,2.5371189867449973,3.1189356229866503,3.2771971003072244,3.356572748715316,1.6731970641185936,0.8211827528695423,-0.025543257926220843,-0.7524141255344452,-1.4441323638785153,-0.8613558465716834,0.010923356387232982,0.7769793629722522,0.938093893467734,0.9316944821794745,0.9294190433833421,0.8342175327856631,1.0339860396906395,0.7710394241765022,0.44618588150365457,0.6962248145619825,0.6330132352342962,-0.2684001769439564,-0.9629322276578665,-0.7544241756619061,0.0957914647394079,1.0691421610043992,1.1943908212452896,0.6758234015928744,0.5173257748102641,0.619930909489497,0.276716619765822,0.2644426649435653,0.30144796937945134,-0.19894425852684328,-0.736257204026685,-0.428202792890285,0.0881614437225199,-0.2772530002060008,-0.34168768988984494,-0.46041026452825273,-0.15258742032029599,-0.4835392715086955,0.1258718514604533,-0.6661342077161726,-0.09315693305013606,-0.7084496956215537,1.1455225655006684,0.2633027784613988,0.7580175312867358,0.030387209521251245,1.2475922348028647,1.2307624496750316,0.3435267316703177
0.7216138223343503,0.2903122991007979,-0.9531487237936167,0.09772042699137179,-0.8604632100689341,-0.6323452207003026,0.7808588938326898,0.20530751822565013,-0.6277786839234734,-0.5725242290924908,-0.9477956419450057,-0.02239310463835654,-0.5043453671285889,-0.49473031441482773,-1.0194251346633816,-0.7233010901767768,-0.5918503971394723,0.9114612645101104,1.3201413109684628,0.996422126012935,0.7322836004593661,1.0291598273488403,1.2627051716333582,0.7363517858583989,-0.08904966527807782,-1.7037999445480068,-2.1612413928791283,-0.5705469461710011,-0.29696289479425786,-0.44607418312214253,1.1384181299200735,1.4701455176160911,0.44350802702734565,0.018630480695428924,0.63587799135096,0.6603393377969189,-0.9330025627745744,0.25086447144139096,0.7034226593034097,0.6305365388528612,-0.22743140928570865,-0.8096061426513145,0.7170853623061446,0.3835399560236119,-0.694819408720472,-0.22264566337216943,0.06912001040582967,-0.8603525574279058,0.5562990423087087,3.280077712470905,0.40870364849059215,0.7566314806487278,1.5951682498600837,0.40941367058503003,-0.5122557223551932,-0.17510661034761454,0.012811332237182543,0.4494563053390311,-0.3270635529862684,0.7235696337514421
-0.6914709900728493,-0.24511955678043418,-0.7847598729313722,-0.9356734003293629,-0.9259230425630309,-1.3885569595280873,-1.5165902152389197,-1.4003955689572927,-1.0501767403742892,-0.8954516729467568,-0.9553251493339158,-1.0491318043875228,-1.2221432162141723,-1.2186004001852337,-1.2772988849247877,-1.2279723041067423,-1.047602657892333,-0.6329927352600694,-0.5040262348109242,-0.12611411709889622,-0.09341961897080045,-0.025081440150633065,-0.26461342064690135,-0.94532513521123,-0.5806459969587268,0.1278832101679038,0.8662096266010249,1.3304811886453167,0.7777626529760338,-0.18649454187713063,-0.8180334055999218,-1.6503483349640982,-1.268628133512911,0.03934686210029888,1.0187509800847827,1.3438766034103022,1.8305017660906246,2.0040231226278022,1.8326715493880974,0.8434435018736655,-0.34428686443942136,-0.6699497635100199,0.1770827067271589,1.4060619998822386,1.4035672350149662,1.3496075170499584,1.6714947035360792,1.3803601116639277,1.1362088711684148,0.5559908325073329,0.053313712164161656,-0.5337879623754728,-1.003785329657661,-1.1477397609672813,-0.7753916422751083,-0.4391983485460157,-0.21567507245571196,-0.667933995910336,-0.5738478702395436,-0.6445848137406059
-0.39495483271527304,-0.7835260340832287,-0.7671670079159139,-0.5981118896013473,-0.3845525359902309,-1.4686264377569116,-0.5013997063928366,-0.5668467604637945,-0.31337518211162885,-0.6290775124070702,-0.4182202889249894,-0.8081544023549919,-0.4768284725853299,-0.209589009366503,-0.2544335172540528,-0.6960577768584335,-0.5665965922146384,-0.4539084921674517,-0.2443208446220553,-0.31765650655378147,-0.27374990975708935,-0.07175259944014907,0.06632576232013278,0.28556171336321207,0.8532448007720184,1.0326263680232177,1.2582505475315746,1.2361101313870604,0.8741085370680951,0.8251296628330396,0.7497470264017577,0.25824466247896866,-0.25710668636527795,-0.7948045769161969,-0.9257614430121922,-0.42408634059795414,-0.39339571177841204,-0.09718204396344819,0.07313218448050016,-0.5963189895725036,-1.0332108164650406,-0.11191103845383835,-0.19545526197056448,-0.45889161732491074,-0.3517948709202745,-0.46671925233293793,-0.06757001718019157,-0.32382092123342754,-0.09788495182366916,0.16360158664000415,-1.1342087579997637,-0.5862440372951557,-0.9299514211486343,-0.7089056120752664,-0.23527054349212465,-0.808926782023777,-0.6023443727052259,-0.7637103074459961,-1.1136885642310832,-0.9296169903014494
-0.7285355097425464,-0.7091604985441686,-0.29969945179087665,-0.32889105282440245,0.004668089650344271,-0.43839915121270595,-0.8812667431996226,-0.24570614302720586,0.07157314974664039,0.22823747812988993,0.15820533229269035,0.5812433578787755,0.4383048202247677,0.008803308363691163,-0.4407320730531395,-0.5844048534226004,-0.7200923752733941,-0.561752629766083,-0.02199434117701144,0.1967608733771182,0.5504567927370912,0.5534151068492567,0.3630020578910673,0.8049031154582441,1.007839986608362,1.2239631202487529,1.2582505475315746,1.152712452879764,0.9802595332580204,0.46751728473485843,-0.09213984042491993,-0.5349910944836288,-0.5450894213180744,-0.8907763846489614,-1.0753683096729478,-1.3110707220611197,-1.1748665299907832,-1.1489814859777974,-1.1295385656737964,-1.0093473799757868,-1.3268028804084482,-0.8043250190703413,-0.005993095032865124,0.4807435991022873,0.469485032082121,0.46091012411611765,0.6135828093619144,0.39372898735493256,0.062090173379008406,0.1258718514604533,0.35669536512574873,-0.08266571806619953,-0.22114589946197674,-0.48241056748583927,-1.0108290443087167,-0.984987940822711,-0.4441614771486065,-0.9552629305173161,-0.866904246977808,-0.7205933941568309
-0.7887653542058041,-0.5961248845247975,0.0521578485182911,1.1642491265308075,2.0321537123053397,-0.19463207304939667,-0.7170447491215797,-0.2645967675822992,-0.8167691545416734,-0.787262783127561,0.21593155560766833,1.260433791330199,0.912381603355772,1.198620208519882,1.5471293561273063,1.254295489718699,1.6004955428976655,1.9056740074814338,1.8991246920941718,1.5164841736094992,0.9676108886431339,0.781877959177775,0.7032123750946935,0.5159462451196547,-0.30335621918877675,-0.9881738550176995,-1.171026070089671,-1.168376620523304,-0.8626752319188817,-0.9265726679799307,-0.9662990371466198,-0.6487083329013213,-0.5059275900309612,-0.7542173806944109,-0.6563183456256927,-0.5490824468303851,-0.15528480612245488,0.5496004076348157,0.2091177422150573,-0.2672304200990934,-0.6977600820188109,-0.624766817317248,-0.1982936464939756,-0.8243471746362105,-0.939554223189459,-1.0185052494620372,-1.2024418428523684,-0.7722896141011525,-1.2062840335850777,-1.096571568356994,-1.1428768052272376,0.3264916663073273,-0.1325452092511443,-0.31253928404376896,2.4653349504227933,3.416541029150639,0.3116012460663523,-0.3646423427140792,1.0456742117350752,0.47654174739871114
-0.7192693798251221,-0.5306832132504247,-0.9632017895167359,-0.656097915984074,-0.9453840738450596,-0.9828716031687111,-0.7485621015203959,-1.1607207699145445,-0.2837637719686852,0.09218175305423465,0.04442610952693646,-0.3285855131615392,-1.151385487388649,-0.656094371135357,-0.08539422820474522,0.7536437810324235,1.1372460588077449,1.3999086176484368,1.2714708855207733,0.6344107730549792,0.4834876598517265,0.6286911702194435,0.6149350534506245,-0.8329530189684451,-2.0079930831196795,-1.8445279038414977,-0.35337760711706423,0.6922694804894808,1.0842789833397146,0.9088947243695504,0.032740044821037484,0.1890860154412699,-0.10428002768386047,-0.2811228747342189,-0.3857447177606486,-0.546830264736107,-0.36462223981648395,0.5433767422974525,0.5545107177537806,0.06574939935119792,-1.018676555873783,-0.6904874663249162,0.8682293381777924,0.6947423171979762,-0.6941597461477792,-0.09162456500365883,0.12655279510583867,-0.27978944957005075,0.2592023812180217,0.20887726885546518,-0.44943302702932486,0.3789477412270103,-0.32451337137461417,-0.8646209552304975,-0.4153109097531192,-0.31595553738676185,-0.865982531966258,-0.1730897196427592,-0.7897841478361595,-0.2645419116594815
0.30927104100897057,0.9923229545895246,-0.2569739224676207,-0.5421967927322896,-0.6976982211646936,-0.4295025425206143,-0.18290856636269293,-0.7427657016331022,-1.2165231914714147,-0.8905339961367934,-0.9737306118401406,-1.1326388248938453,-0.31329949929967665,-0.05470543685161771,-0.5168758969492239,-1.0788039983964695,-0.8952906469394288,-1.3489361158874793,-1.50430081861183,-1.5782989518855395,-1.792714599782679,-1.1655138002089707,-2.0563608850664723,-1.9757644250823259,-0.44486398188553583,0.35384703124167927,0.03522058344307503,-0.4261372818083668,-0.3579251134896769,0.20655690071726635,1.197817925523956,2.0921091889618375,1.996131362568873,1.1546491916114572,1.6985766411830274,2.3235758144212473,2.470190258693494,2.182594443461372,1.2390920045999922,0.1580276130886744,-0.21057166699984953,-0.31787485811179816,0.3331938555147765,0.9140156515847563,0.672661104471469,0.39352784495516924,0.03695765097382469,0.2192338959482179,0.09922725601534413,-1.2625824031470179,-0.5621176409864858,0.3264916663073273,1.9791045741070228,-0.8929328358041759,1.5235853422883605,0.4411074454486546,-0.7429513909777763,0.30579183803554083,0.19735312117694137,-0.2645419116594815
-0.4227532224675458,-0.7061858771226063,-0.6213975549306872,-0.2646922379006695,-0.6605453432626387,-1.3956742464817609,-0.4997408983718462,-0.4050957877108068,-0.7444824768397812,-0.6356344148203549,-0.6022749139872383,-0.8598492245731915,-0.9548362406510853,-1.075381699240507,-1.2509023593074784,-1.2351180912066355,-1.081932048962029,-0.9919484049314261,-0.4183662860229913,-0.7323514243912731,-1.4077356180003313,-1.3691355516253274,-0.9426154982967817,-0.4207773030200068,-0.49107894484719405,-0.7240314708548382,-0.9915737495319988,-0.031534581923843806,1.43854194652778,1.9117742248533816,2.0803959909139227,2.043373229639969,1.626481881883194,1.0447255351774536,0.5932946766591073,0.29398438379435887,0.4610513034388495,-0.6319385194891779,-1.319297880079053,-0.946531487491842,-0.7175266764229213,-0.6992893389598718,0.0862544019779998,1.2779641756700304,1.1588324205459795,0.5589887748948313,-0.23757105989221797,-1.1734652448119174,-1.0548790043754008,-0.11559845368867198,-0.32808036584469014,-1.0898223565241119,-0.6050822237089161,0.19707456628244216,-1.1077738569107907,-1.073018520222178,-0.3738579680123314,-0.5561949657853994,-0.20367139435963072,-1.0436298609257866
1.7038235935813217,0.8019471836095309,0.7759785805828646,1.2388025890228844,3.0388197849848275,0.39788206584390307,1.001480360624404,-0.3862051631557133,0.6664141240887173,1.1929217456843852,-0.09528808313395268,-0.8161074519270227,1.0877035314456789,1.8019532880653146,-0.36509587464969545,0.301672746964171,0.7836927898600711,0.5532927783248752,1.254338895763187,1.2158115426184317,-0.3036802484768054,0.047183580684746734,0.7431185615913274,-0.05155463536514224,0.3730999643385057,0.7418477770540172,0.5266703438192419,-0.03197351707388216,-1.3004948025496195,0.2571841357118609,0.9541384490702342,1.7495650177281354,1.1465106569618666,0.4980667360652749,-0.3439150900544928,-1.1658049769801866,-1.0856270662248029,0.3035262550652319,1.4360900939416894,0.1808192200961237,0.567883330267918,1.1514510804167806,1.5068658559453185,1.517582458608161,2.2697041929604644,2.9810073647355857,2.195281700000161,2.512132012937387,2.2131842676221543,4.6987157552220165,0.694749206997231,0.8195787705523472,3.7363515966218617,1.8816314604163065,4.9166537833609505,5.476456587098167,4.846177585356105,5.796967032746715,2.5109560954263963,0.5905546180230484
-0.4134870925501216,0.043418721111118615,-0.11120446948239406,-0.9480989774113756,-0.9082311959430047,-0.7195319858828002,-0.7402680614154443,-0.8714580814146763,-0.29421485790148894,-0.2225495627834256,-0.4249131843817984,0.05316086629593539,0.38720201607300103,0.2550617081781532,-0.18184307180645232,-0.7143688563019102,-1.1071858538868629,-0.9769919186951195,-0.6091543537779325,-0.6315000287647325,-0.6650890885173768,-0.3122596219078978,-0.03364125031789925,0.17579281216852274,0.4127712157303719,0.40179220349308953,0.7620670328960928,1.147006295929265,1.0945104046592258,0.45324960941820003,0.4723920752749689,0.48614329130789535,0.38285494686315835,0.1691413333512184,-0.554570602556665,-0.9026750356320363,-0.7511875805223899,-0.7492306739240961,0.03900653120871017,0.45876564701623346,0.03592939262788262,-0.4522501136721195,-0.9029226044308125,-1.4279139816596154,-1.120961430679948,-0.731007525041991,-0.577573145316271,-0.2716354733360921,-0.44354549020802597,-1.096571568356994,-0.622793971578803,0.02224643177316644,-0.16207877265475512,-0.9070887760910151,-0.4707079455257329,-0.192712726227508,-0.672647881841501,-0.5083068100175694,-0.5121517909262248,-0.24553976655542523
-0.8953258482561831,-0.3284089565841814,-0.5309199634226154,-0.40344451531647946,-0.8126952241948635,0.246639718078346,0.4258739773407588,-0.8006182393330759,-0.8315748596131454,-0.4971198513397178,-0.09194163540554805,1.0616075520294312,0.8565616172823038,-0.14932050625401636,-0.3980915316713321,0.7643624616822633,1.3195469631088887,1.2960003974804126,0.5126016119404053,-0.4550100864182864,-0.6471308852855473,-0.7232669279091203,-0.3980371350952429,0.2352328891000341,0.7137819479408192,0.8479486674992676,1.0086525956767787,1.0675590337723142,1.2603446918796315,1.255921407877953,1.0224248282683983,1.0524087234286494,1.5715598014195598,1.9858411475701143,2.278538776676486,2.2942974471956328,2.4376637251713142,2.4324985439308717,1.7344310323935503,0.9007004658192079,-0.017556686347945983,-0.6318083154252125,-0.9525943335905089,-1.091845572255822,-0.27659333763330823,0.2026113873324823,-0.2042600447662128,-0.4086222740665973,-0.9948883324243969,0.020228592957711025,1.266840324010509,0.8405612005202203,-0.2506794628655873,-0.7089056120752664,-0.0829286951174369,0.15940959137036004,-0.16294744060350555,0.6250462098210743,-0.31163953315793863,0.818580359271723
-0.7053701849489857,-0.6169472344757343,-0.6289373542230264,-0.3537422069884281,-0.5667785561765001,-0.5149099859646937,-0.6523512363029567,-1.0154990936472637,-1.1555585235300598,-0.5872772595223811,0.13645342205806077,-0.06215835249850997,-0.0986677218622567,-0.9276266593518296,-1.2427803514252294,-1.141329635520536,-0.637228327863783,-0.4267506618962635,-0.20966750170330062,-0.16449785722541538,0.16772258635872242,0.5816436306130767,0.5830907228118964,0.4200611575148074,0.7129639839945953,0.9953356784943433,1.0232841997510256,0.7357240603432826,0.3399430823452961,-0.45850086807536133,-1.7497215382214448,-0.687697100358816,0.2190438720890136,0.8286832719552395,1.586654123807097,2.2747785357118895,2.179536491194016,1.4860226691642042,0.5302091161814452,-0.2744570271990164,-0.17743355285178186,0.29121472822712546,1.317403689007619,1.802411738327071,1.294722910520673,0.642093585860001,-0.2295304700342168,-0.9321075482867419,-0.6806514793477088,-0.7796417928487669,-1.012856096815129,-0.3974021675842971,-0.8856510760432181,-0.8363090746568191,-1.0523768211381768,-1.3195041425406857,-0.6550720045574323,-0.8435239003923793,-0.8206321874928189,-0.4925676529081561
0.02202101356881865,0.06126644964049312,0.8614296392293768,0.5698923561078598,-0.4305513372022989,0.03134178772972965,-1.738870490051624,-0.7581143340841155,-0.34908305904870834,-0.6725169908950808,-1.0875098346058945,-1.2797702419764136,-1.8841210792262875,-1.1097282655304188,-1.0519131661923777,-0.7170485264643702,-0.9517171173183545,-0.6597569737881968,-0.45574517276681653,-0.5946215333490573,-0.9688820265224949,-1.8264376365992152,-2.145847485089227,-1.7314960797360408,-2.1854912594502967,-1.9768210643129813,-1.1223975036076161,0.24192201655008053,1.1141206288549548,0.9047524960518109,-0.15528135543692054,-0.9049202333362856,0.5328161056942994,0.931419612391635,-0.08502361046774422,0.2861017464643858,1.161622794685799,1.5161835088760403,1.173425974819427,0.03183993526694455,-0.380913201129391,-1.286667639465905,-1.7586955382392973,-1.6200607179779276,-1.3175408773423687,-1.2483536905999388,-1.4746732423304107,-1.5387633800932645,-1.4976672973470977,-1.5266905494038738,-1.4115862692789287,-0.7960683369738875,1.9052706655979958,1.3861735503769348,-0.5815020170709603,0.9516848059655633,1.4891850240989628,0.06635105919639081,0.9068580332801076,0.8375825043757794
-0.571011301146334,-0.5396070775151118,-0.568618959884312,-0.3061108281740455,-0.021869680279694964,0.7306152309281283,0.4872498741174012,0.1982235340174902,0.6507374951895117,0.701154064688041,1.212336366740116,1.071151211515868,1.005152847815902,0.26219024080436126,-1.031608146486755,-1.123911779464546,-0.20594069063185505,0.423013911371784,0.5900849292531265,0.6291424165670257,0.6862657046778028,0.7589187598498679,0.8729144409036113,0.44175461624893575,0.1211670689015009,-0.6130472758284257,-1.7937299258377566,-1.02396695616067,-0.005793696409843122,0.7174317265718114,1.3895810451900321,1.8507501523202043,2.743071656874301,2.308424800874517,1.0862059653046197,0.035734170317144445,-0.9692821578570057,0.15415828696851958,1.605684249595434,2.735146883491933,2.7422087147200838,1.5088071093959754,0.09618874780993919,-0.32175159375654644,0.5387496022148532,0.8210309716318526,0.8054083102599446,0.9106910805879103,1.984648374475472,2.1934613392998394,-1.177548994137133,-0.575752822311219,-1.2105202734829361,-1.0628041192462463,-0.12447647194689718,-1.108230751981965,0.08311484137345766,0.4973444611068611,0.04311292289364448,-0.6445848137406059
0.27683958629798566,0.3855001845907948,-0.8777507308702235,-0.602253748628685,-0.5880087721205315,-0.5309238816104586,-0.42343572940629104,-0.21500887812517896,-0.40656403167912847,-0.3758171566939531,-0.3621672894742135,-0.010463530280310449,0.23467980060465166,-0.024247161085091878,0.4531964194868925,0.7456047705450434,0.5990243413472234,0.5733659572209708,0.42304802911665734,0.4308264259133433,0.38322102514067796,0.6181525213476177,1.1095299103331473,1.285630161006528,1.1837022350465312,1.2967687521860793,1.1300088412337657,1.3111680420436271,0.7726469423162784,0.07998881323078023,0.11412244194761616,0.20161811926689333,-0.3488026815741285,-1.0611580521216668,-1.1028778846508702,-0.8245993896970645,-0.31249638481299064,0.03973859345853815,-0.11972946204037373,-0.13937506371584307,0.017906909494723,-0.09958841676490064,-0.3004754893367799,-0.06103484565405213,-0.24558919671675183,-0.3379442299364589,-0.3110850243082295,-0.3254517164802193,-0.394981612914356,-1.1493931976083651,-0.14605137406773808,-0.9639277767168729,0.2070907698903791,0.013047342553532515,0.2771520374045522,0.33547075016929423,-0.4793132317167442,-0.8435239003923793,-0.01858315641967422,-0.6825891039487184
-0.35789031304557606,-0.30163736379011985,-0.787273139362152,-0.183925986867586,-0.5968546954305446,-0.47576490771949065,0.4391444415086818,0.13446767614404964,0.17347123759147653,-0.0930507401210551,-0.41320061733238245,-0.6737478645876728,-0.9218159671991745,-0.9885432108848808,-0.2706775330185507,0.07658045331753148,0.3220216685779523,0.3911329801838675,0.48184190305746577,0.8684763255912042,1.1988227552529402,1.4123149899030936,1.027298980582508,0.26777307720122684,-0.526251394534828,-1.7344315823752967,-2.4878704367718694,-2.796387092015736,-1.5775957966197065,-1.0264463951965397,-0.8442254414567517,0.19604829534439394,-0.15299352513856226,-0.9432015131021015,-1.3304913543312138,-0.49578080393247154,0.10993154413531883,0.09910278590723134,-0.30845466574042446,-0.7981080955165034,-0.783802904719057,-1.161681048049536,-1.3400338210361413,-1.007451711598367,-0.9929868915775666,-0.9361491304875447,-0.9060886738003222,-0.9402615245207004,-1.169146950948742,-0.6362687991664738,-0.25873598802489894,-0.37641973761642405,-1.3877216539046004,-0.8079971940831407,-0.7338438654456481,-0.9497757090629243,-0.022340422330955168,-0.47638137283901594,-0.9131763064627971,-1.0626320060298429
2.0142389458150345,3.553471998554752,1.7184534921252779,1.1414689018804505,-0.17401956121191972,1.364053769805049,-0.1414383658379346,1.7448934194657657,-0.24979774268707305,-0.960201084277942,0.24437636129910692,1.2063530542403904,0.571172111019361,-0.838195977313946,-0.6234772504037421,-0.15521101573525803,-0.6652442677022706,-0.8616695379783349,-1.2076059050827177,-0.16449785722541538,-0.26851210048113916,0.018955056920926677,0.7681103147508355,-0.02682409240823625,-0.4166442257408063,-0.41638328224162285,0.7457140636366405,0.617211569832914,-1.0886191193914143,-0.3659911023125113,0.1669742285872908,-0.08894102869014964,-1.3001486318659532,0.3695406146962863,1.172126281674021,1.2383994086616144,0.8647139245859014,0.7482789549429425,1.1708406980564123,0.687793502798404,1.3387805120282315,1.8949159223160257,1.9673937448687897,-0.5960316408932748,1.4978989829100207,2.0773361319882007,1.0443286946119816,-0.07104765798070976,1.9303710998531354,3.212164189147712,0.616736781949966,1.8582090539620693,0.28092467839940577,-0.3408511646174472,2.617676798797482,0.5995624883676952,0.22372185964600821,1.1198904860886512,1.1844903901900423,1.1796211162487913
-0.2559628839539092,-0.08449000001606456,-1.0009007859784322,-0.47592704829488774,-0.7525429456867746,-0.30850866430816903,0.9036106873859747,0.04119521740327586,-0.5502664632551793,-1.327387619421879,-1.3945464136870098,-0.8121309271410073,-0.2944307716128706,0.7352655878163545,1.0689461420598956,1.4253477684223954,1.4020164198165495,1.335753163529543,1.0721168228870392,1.1375388176545496,1.474181871474328,0.988134372812088,0.6149350534506245,0.8426497336556276,0.908866349115253,1.0437247875258588,0.7616366915997915,-0.20579183648908908,-1.4718711096514272,-1.5755217710924603,-0.9850076341872126,-0.9968223280575227,-0.9453042337400367,-1.0768010339988134,-1.0685851268016793,-1.2979329931778312,-1.0426753617019242,-0.9258870208077078,-0.9925188972340335,-0.9682113087916105,-1.065186189765808,-1.4116542308822737,-1.2179832865294586,-0.5794542754069889,-0.7693612794347456,-0.7587091286970474,-0.5052078365942597,-0.5684402082521867,-0.07788806117333448,0.8351908728360093,-0.07670699624794679,-0.2715075877770581,-0.16207877265475512,-1.1902075818277988,-0.5538034991846534,-0.192712726227508,-0.4090097225804689,-0.620045840142506,-0.5738478702395436,-0.7015912490527746
-0.32082579337587896,-0.11721083565325088,-0.09109833803615584,-0.6167502552243666,0.560192073519165,0.23240514417099956,0.33961596024926183,-0.3625918824618465,-0.4771088617255535,-0.15534131304725868,1.5369417963953549,1.359846910980583,1.0413179092156137,1.4092359452033039,1.72175252559566,1.972893704951721,2.3087858528988647,2.2173986679855067,1.733645245572029,1.0716843615551293,0.7655811022850504,0.8326893019526512,-0.1287711494411883,-0.4350949857845314,0.3686011626342735,0.49945829511633255,-0.6348208148981612,-1.7468931482739174,-0.6026266067146462,0.35981934847362973,0.3063532765397076,-0.17527329948888734,-0.24373435373065408,-0.2515280441558333,-0.8639591101850791,-0.8962938530315819,-0.6018991317923852,-0.6898664814754029,-1.1621130528877779,-0.44456024047412357,-0.41056309273555686,-0.47924252308598314,-1.2548822853338049,-0.4099130374790664,-0.21656404351827369,0.024422693551307866,0.6262180219959167,0.7492423511555294,-0.0521777731943328,0.16360158664000415,-0.5881217826689075,-1.058348711572302,-0.07347808244392294,-0.39747492576480414,-0.20757202560581772,0.19462182313014695,-0.8484066546821891,-0.7477475888567193,-1.0365684650894347,0.03949241000541803
-0.8258298738755011,-0.8727646767301007,-0.9305293259165988,-0.15286204416255386,-0.021869680279694964,-0.2604669773708743,-0.2957075117900353,-0.9706338603289167,-1.0649824454457613,-1.2896854305454928,-0.9503054777413089,-0.7882717784249151,-0.3510369546732889,0.047038165176988986,0.5070047217067922,0.49058949341760066,0.5611436339599729,0.7528437920566491,0.8198093373662187,0.8707341926574699,1.2844983498381275,1.4123149899030936,1.2550464085683477,1.1342098190423127,0.7420017040855488,0.36228183006368664,-0.2475136482269264,-1.0871736177661997,-0.717730096559144,0.1412017428151535,-0.07904382249650484,-0.574444013934665,-0.24898777012282775,-0.31283162178248913,-1.0629324744089554,-1.1781919784987158,-1.332078108681319,-1.3625010813980978,-0.8048278042391885,-0.5707479182958535,-0.7384560116743327,-1.2919487630468782,-1.645869753433701,-1.0338247930538216,-0.8867812173740439,-1.091128372557726,-0.8900074940843197,-0.907645619584866,-0.7492122472917134,-0.7645498987769467,-0.01603066565562949,-1.0793311415401754,-0.4426476249890572,0.11213892456140702,-0.12447647194689718,-0.4391983485460157,-1.3405312186361158,-0.8594866189816561,-0.8360562073211486,-0.7585976843649432
-0.7563338994948191,-0.20942409972168535,-0.6515567521000444,-0.45728868267186845,-0.718928437108725,-1.6572345420292531,-1.6774945932749816,-0.8702774173799828,-0.4988819574188945,-0.9274165722115191,-1.4171349358537404,-1.2376190792446509,-0.4894076243765339,-0.22449412303948377,-0.6331221347639129,-0.7250875369517501,-0.9884140525997537,-0.5971758866415459,0.33855617053946935,0.7992350688923854,0.670552276849952,0.853390219379453,-0.49155466304695056,-1.3731201414482406,-0.3561148937202271,0.5309778065038336,1.2582505475315746,0.7480142445443575,-0.051835092347642345,-0.5777049941080883,-0.5416138843251626,-0.8617540979369166,-0.6874092472151445,-0.60666601109646,-0.4204143191026877,-0.41732979431512013,0.17540161801970636,0.6075283696210406,0.35647851770687794,-0.374517740890256,-0.6774121171910499,-0.8753267916589826,-1.392543934719249,-1.36612561939255,-0.7278025373551064,-0.6037298866268663,-0.4730454771622547,-0.8130594952709458,-1.114869676326405,0.11077995738863303,0.21800660948616613,0.011755216789229736,2.318740553248546,1.6692923561137185,-0.24911980243527798,0.6171686042475885,-0.9362860411025332,0.24194096367843423,-1.0982645444027535,-0.4355612175959874
-0.26986207883004554,1.4087699536082607,1.4369676518779442,-0.2191317885999557,0.623882721351259,1.0989348307807199,0.6697187564263379,0.9444032039436814,1.3936355202463078,1.2707849618421398,0.9103194592516076,0.9860535810951393,1.078269167602276,1.184363143267466,1.0552402537586,1.3029761643367224,1.759121005081778,1.617564851561003,1.3197519475648811,1.0720606727328406,0.7255492742474304,0.8616705863501736,1.2538371301896614,1.3806475102620104,1.027880103290851,1.0344021151436402,0.8580331419712988,0.059324994134105566,-0.043735217136362824,-0.08247858634278214,-0.7469407368456689,-0.9216297051037832,-1.2218249692917267,-0.3322796533054282,-0.07484883616084151,-0.5550882657484598,-0.48388619606447647,-0.3595334751076737,-0.7024508444238183,-0.6980473818252637,0.07371847016515291,-0.03562814228422358,-1.540139929936633,-0.6872071510678465,-0.09452646757012644,0.06410336905719967,-0.23527374850421773,-0.3515444404288868,-0.806346220578384,-0.08541466554503149,-0.0333667601105772,0.42091260116275675,1.2259987073149492,2.178906206439929,0.6649312878128482,0.7404114154068424,0.6455429144636595,0.2579036822677108,-1.0519924849177644,-0.5875783784284373
-0.09843867535769679,0.18025130650298904,-0.731981277884997,-0.9315315413020253,-0.8126952241948635,-1.0593824379206986,-1.413744117937519,-0.6329639464066215,-0.7409987815288467,-0.9733148891045114,-1.6020261728480905,-0.27291416615732433,-0.5821788688366641,-1.19138236652153,-0.8427714632244655,-0.6357651982030836,-0.7488974965157827,-1.2835998865394034,-1.5093625428583899,-1.6704951904247278,-1.4350470520820724,-2.0921621402959767,-1.8024124255424387,-1.923700124120418,-2.429244515425061,-2.1313110637897474,-0.5181983236004892,0.6532042521360629,0.8715506817382171,0.8435395664674377,1.383033036225825,0.8481818462703445,1.0930213264233706,1.9748487819267144,2.2657260979196456,2.0788386935097005,1.4122439055425946,1.1614345846463487,1.3554294589356404,1.9274345668620938,1.5719100519120066,1.4090525528664797,0.855456607822442,-0.11528804179098746,-0.32013106743102554,-0.8680181593359192,-0.40527479121624416,0.06267755225621188,-0.0007571972363292161,-0.10805250665276186,-0.5447815465315379,-0.984910206684746,1.166931580507728,0.7066884166086531,-0.33221535609419867,0.24744017076982713,-0.11021980875129915,0.06635105919639081,0.08938498237863358,0.5335481827108798
-0.5061483917243641,-0.236195692515747,-0.35247804683725187,-0.28954339206469515,-0.23771020904401394,-0.9028021249398868,-0.8381377346538739,-0.8065215595065426,-0.9326020236302478,-1.1093706141801667,-0.4700902287152594,0.8532376532422263,1.5036017375423643,1.480521271465385,1.6197198015749068,1.583448308007535,0.4676256375976974,-0.21578548761572933,-0.8996194528497409,-0.8501368230148075,-0.4469717450974462,0.14316056148173542,0.3456690677965699,1.0391924697868302,1.2908555120018808,0.29791099694836765,-0.6382635452685723,-0.34976256570168507,0.9431706309747937,0.3432504352026718,-0.15341049573286145,0.25545975051771913,-0.44240901001649685,-0.4227552782164927,-0.3755699434537457,-0.5945014523983254,-1.1590202700697212,-1.2945195061745938,-1.1383285066680455,-1.439608448848117,-0.8239174639509285,-1.093026441496883,-0.5928290952481361,-0.18762563664023443,-0.5872944093715639,0.1868888555282611,0.21040466076785175,-0.8994916433509073,-0.4806825728443619,0.510715150291872,0.0446456649366878,-0.31347244771280436,0.2070907698903791,-0.8787768955173366,-0.23527054349212465,0.7228052995269488,0.34675300063449005,-0.3167541869462492,-0.7435120883511703,-0.9106148451973931
-0.35789031304557606,-0.35220592795668054,-0.774706807208253,0.48498424604743856,0.5301159342651205,1.1505351611948513,3.023567338211618,2.5312156665715304,1.4101830729732465,1.7691095452517684,1.423162573629601,-0.8503055650867548,1.5515597537463297,4.579488818604222,3.0557923202550596,2.070701665881511,1.194067119888621,1.3613366268284883,1.4930186621586543,1.090123609262967,1.0701222987581613,1.2139625629226503,1.398144350046176,0.9359316062123793,0.39354906299410675,0.5513988983886933,-0.24708330693062508,-1.0625932493640493,-0.7207142611106679,-1.1300021031400285,-1.0995977910608439,-1.6034689836163962,-1.8049541888230107,-1.1300717290399074,-0.7682408630016233,-0.6237798196239399,-0.960108007376391,-0.6678442810508874,0.07261512912789733,0.13801547035042655,-0.3361476785083169,-0.9686266415895114,0.13237815048343227,0.3292867598866764,-0.3986309135814553,-0.43752026469652705,0.11391758247183681,0.6155171409186075,1.556143574825443,0.9257422372669314,1.3275166546028265,-0.7855771219899509,0.7534616928571777,-0.2983833437569296,3.877959362624443,0.3178646342894006,0.8388775645884164,3.3706338071766617,0.7526178349968108,-0.8346062647811682
-0.9092250431323196,-0.9441555908475985,-0.4404423719145438,-0.09280508826615845,0.7654174943114682,0.9886168829987845,0.32966311212331956,-0.38856649122510006,-0.6443262366504126,-0.058627002451310924,-0.28938205138141515,0.11439934800057183,1.1199376079106393,0.0548147462237617,-0.1097602518514921,0.7460513822387866,0.02134355369164944,-1.1001861342731183,-0.7516613594887662,-0.6386499411412411,-0.9419447216747503,-0.6811123324218155,-0.047346405276339446,-0.9618121638491675,-0.3413915426881946,0.7152115702476782,0.5460357021528038,0.3073233539058025,-0.5719323427561135,-0.5643578139731497,0.13189560913617948,0.4374073319860268,-0.19693118950946978,-0.2007940488786011,1.330023705177438,1.4831365295731609,0.11868868777590566,-1.2638799229752684,0.22411234744054087,1.6222493901038135,0.32719597487668867,-0.31318052603982194,-0.2011320310173869,0.6789184683247035,-0.03977447403663337,-0.07290726523672872,-0.9244671649043251,-0.6613955373193151,-1.0805892923544027,-1.0135661509619822,0.20933856225869227,-0.7645946920220777,-0.19161233605836592,1.2446141475085426,-0.16602424877635746,1.215776544163964,1.38372976039455,-0.3806050613033559,1.678059024696593,0.6665631984392735
0.5918880034904105,0.16835282081673952,0.04713131565673142,0.642374889086268,-0.6110081727265655,0.3231505528303336,1.3415360049274219,0.2360047831276772,-0.7636428010499213,0.006942021681535038,0.05613867657635217,0.49455511754364045,1.0138010146723548,1.3910905894275012,1.3983950867836215,1.3195007970052257,1.3609789868136946,1.4325767323224747,1.3633606487660106,0.8786367273894007,1.0267233076145728,0.8040843978719803,0.5323010309070899,0.7207324955698262,0.24140776899643496,-0.2867537424507731,-0.6722605076763808,-1.5142575187535645,-1.387461883765462,-1.150713244728726,-1.422788804937085,-1.5784047759651498,-0.5197775059739644,-0.01519218282272579,0.15427200749089515,0.2733393812634769,0.05446963441160209,0.20777755756733932,0.3042559270939872,0.16581011304243756,0.83298824345246,0.8328232910313899,0.2664918192146125,0.49581393136254714,0.2623509842566173,-0.9720863460400506,-0.5500054086602667,-0.6565031515789399,-0.9920316337600633,-1.0362039920697128,0.512720215220279,-0.9114717017971898,0.413825713715654,0.09798298427456767,-0.5399542402415,1.4446560506025785,1.08493984656538,0.0025001848392842345,2.5572281549113858,2.490769128428671
-0.07527335056413613,-0.8549169482007264,-0.7118751464387588,-0.5297712156502767,-0.6233924653605838,-0.4917788033652555,-0.2774606235591418,-0.21028622198640562,-0.7845449729155287,-0.3659818030740261,-0.4742732883757651,-0.821674586627444,-1.0122286206984539,-1.0099288087635052,-0.4940327497803986,0.7585565096636001,1.1293542447687344,0.48559499851843513,-0.7247952846416418,-0.8949178531624133,-0.6097179618859022,-0.25392067279600233,-0.30210105038616336,-0.27976982124817273,0.5268771862286259,1.2164161949869567,1.1820801380862316,0.9644092735132895,0.4264838543394925,0.8697736791464544,1.5785378753000203,1.3550358232177735,1.1531968232791792,0.8485540867721552,0.8917547229949223,0.8116109017959269,0.8930703897078018,0.9263715322890226,-0.16884972053764727,-0.9226280947767126,-0.548929253564331,-0.478068940067989,-0.19261687744715317,-0.280308180040832,-0.4250174164891628,-0.22039958740013785,-0.6143301275242768,-0.7690280236075691,-0.5692402314387012,-0.1759660299759535,-1.0215241440426028,-0.5023143174236631,-1.4467887807118218,-1.2468313429751559,-0.33221535609419867,-0.7737145502639903,0.715846423599935,0.8804497072495011,-0.15739933487464164,0.40053316698248637
-0.7192693798251221,0.022596371160181834,-0.24943412317528132,-0.9439571183840381,-0.0767144048017761,0.5473450918710415,0.7178241890350573,0.6917411005193065,0.7970526982487635,1.0052304141041135,1.0257719058815635,1.0616075520294312,0.31958907519527907,-0.6334126764156038,-0.8793204986945861,-0.6848924845148502,-0.47741909357381895,0.08255705362428002,0.5967041071140123,0.5832324528862871,0.7296646958213914,0.6309494521205493,0.911611349021559,1.3806475102620104,1.235642945631758,1.0632580058505077,1.031891025677053,1.0298106108690115,0.8114410814860906,0.16881659826675052,-0.6201899918956526,-0.7475727075256825,-1.0575363112092029,-0.7973412766800584,-0.6216487442836537,-0.9319534028576507,-1.2728631373973507,-1.2873383538622518,-0.9485691922627888,-0.9648759516685693,-1.2215748337277417,-1.0507774528490965,-0.5956674797715474,-0.1763228874450396,0.05785558672188422,0.4998421076313323,0.7812865406859406,0.5812704407359813,0.31062295717602506,-0.14578224183231275,-0.22406379911500324,0.19010587151615174,-0.47218118839266787,-1.048648178959407,-0.7615423833319548,-0.2103188421074013,-0.6902237591255699,-1.0829646792315295,-1.0057204254327754,0.3435267316703177
0.7772106018388959,0.27543919199298594,0.6754479233516738,1.0089294130056468,1.1192544267119908,0.8178019961106257,0.4872498741174012,-0.6435899227188615,-0.4562066898599461,-0.2389418188166371,0.46607852330590654,0.731555994790156,1.071979591706674,0.902462080321963,1.1334145796252473,0.7840133762069702,1.1451378728467554,1.447926810301842,1.6507108406091668,1.341499475973897,1.474181871474328,1.4017763410312674,1.0325391868901466,0.47733188857290615,-0.0567400894022281,-0.7790796315879386,-1.5079833050936453,-1.9685553990433102,-1.3904460483169863,-0.9532670282498076,-0.9167212549890488,-1.2623172683633188,-0.6300992502096129,0.4896110701857362,0.7738027097334197,0.6107913317228022,0.39307918851429435,0.03447241509615385,-0.0183866129302094,-0.5657448826112915,-0.7402001229452836,-0.12423366014277605,0.35590093170206616,-0.08514737727046785,-0.5556306058823148,-0.5603057511675885,-0.4615589202222529,-1.1669420638247505,-0.41212180490035727,-0.45516607030462963,-0.22406379911500324,-0.12463057800194581,-0.9742517662540503,1.8674755201294675,0.5125894394381605,0.018560664331212763,2.4382823974386785,3.8974035206227917,1.1382183307050533,-0.2645419116594815
1.393408241347609,2.4707098011060373,2.110523055326922,1.9967627910256676,1.1882526285300932,-0.8405258640952458,-0.5992693796312661,-0.7604756621535023,-0.2811510004854843,0.31593604790757124,0.8082528035352693,1.4743708248178258,2.006767809190528,1.3029560042307464,1.437989875209585,1.5923805418824015,2.0010051053774522,1.8674956084045464,1.4673206775222742,0.7834299994285242,0.473760299767819,-0.38603016401068113,-1.3844051993100213,-1.5818112144705554,-1.8705751401540405,-2.4145427294971515,-2.293786512139951,-2.253424311418233,-1.8649282120093047,-1.9202472166465627,-1.0902434925405473,-0.6166818453469508,-0.4094557617383163,0.1543439180620256,0.442180436026959,-0.37378760715907816,-0.789135202964933,-0.32267022657098515,-0.027176553924458523,-0.7019386318021453,-1.1704142364465144,-1.4098938563552825,-1.2052105561741082,-1.076021723382549,-1.0503775354018303,-0.834327019755445,-0.2329764371162173,0.3187124060025132,0.693420578196718,0.47298541511232106,0.45204388462796147,2.089015783608674,0.04465617117052004,-0.25591552289641206,0.91421794878961,0.6875930677671622,-0.7253755136937076,0.38560543098192424,2.279595798001451,1.0846103907285103
-0.8628943935451981,-0.5515055632013615,-0.6867424821309611,-0.09280508826615845,0.13204938531453245,-0.04338972528383959,0.7194829970560479,0.891273322382481,0.8719521474338566,0.8388490153670173,0.8366976092267079,0.9240197944332994,1.0240215755027082,1.4889459009327217,1.94713824432807,2.1493053239803372,2.38020676995191,1.9332254294956828,1.384386272559412,0.9053548210068797,0.7790497547089228,0.9700681176032431,0.31059999481467937,-0.3084051867772219,0.12893772639062934,0.6122182372631675,-0.3258357641537761,-0.9484701103540648,-0.05609818456410523,0.6009890860842436,0.4242174378954425,-0.0917259406513992,-0.07180436271405909,-0.03548578093361886,-0.8074325862578414,-0.6887177366756231,-0.5018174901856781,-0.9421642993823496,-0.862220948378108,-0.024861135824757786,-0.5692772183920919,-0.4645727353610572,-0.8560892597945273,-0.7693404618862624,-0.03383751088239929,0.3950252289365237,0.7422322470899347,0.9041678996007432,0.7105607701827189,-0.04768493036548061,-0.35408450752711185,-0.019718428162580022,-0.5164815334980839,-0.41163086605164323,-0.23527054349212465,-0.40398611678622875,0.012811332237182543,-0.9233374933387628,-0.4196076719562466,-0.9106148451973931
0.2073436119173037,0.12968274233642824,0.11498950928778522,0.5885307217308791,0.12497264666652204,-0.49355812510367386,-1.359003453244838,-0.4192637561271268,-0.9987922345380045,-1.4536079908776074,-1.1251573715504455,-0.5321835822055258,-0.560165353202057,-0.06507421158064763,0.09938145111641973,0.6093882039533272,0.9438966148519856,1.0744082461372395,1.3154689501254846,1.1762988689587797,0.7532348375631676,0.473998859993709,0.400892780423225,0.20833300026971502,-0.2726825712053749,-0.9468877344678742,-1.0952860019406296,-1.2596751317312915,-0.8025656316667551,-0.7926406190396851,-0.9162535400630339,-0.5749081659282066,-0.26952385238314336,-0.12680697243263717,0.22474174065351807,0.3630513013522187,0.47648055651988364,0.6496577965201131,0.3321769161345424,0.5888445748148448,0.6492751895789615,0.5083275865560287,0.9824743152450942,0.49129283168446924,-0.471193796577651,-0.4120647370135021,0.022025126951822415,-0.25532752086817484,-0.2521466796976797,0.16360158664000415,-0.25873598802489894,-0.5652616073272826,0.9749634183842578,0.9898072223454372,-0.7476931243888015,0.810835878926416,-0.23325094973978083,-0.524269528606846,0.8297379341384593,0.47654174739871114
-0.39495483271527304,-1.051241962023845,-0.7294680114542172,-0.9770919906027391,-1.1169949860593134,-1.5700477768467556,-1.0819825137394528,-1.3059424461818254,-1.036241959130551,-0.7126780181764488,-1.172007639748109,-1.162065108310359,-1.135661547649644,-1.6093735977855512,-1.5666454157299088,-1.5602514042517817,-1.3194756515362471,-0.8813491251313699,-0.591243637213183,-0.6740231918460725,-0.8360661484537548,-0.5584123491284101,-0.08805877735876388,0.30595356457329237,0.7489543976284533,0.758717374698032,0.3549641665949947,0.6093107371322227,1.367774615734496,1.7364198927357406,1.9354043638493281,2.074935565200798,2.6036173308275083,2.355353746505957,1.5146770166730812,0.5619940530134447,-0.3566991098559529,-0.6482157980638196,-0.9702855170721097,-0.050432207101407854,0.4899796934987761,0.738936649591864,0.6219994807718688,0.6389820878350153,0.4952118724171359,0.2669988985307218,-0.2766253534882241,-0.800013133296612,-0.5349598474666989,-0.6060850110228331,-0.7874868689008073,-0.25052515780918483,-0.5607818786035,-0.609814030067392,-0.8584871959340289,-1.2666857949010055,-1.2702277094998407,-0.8435239003923793,-0.35791159264292777,-0.4355612175959874
-0.2652290138713334,-0.030946814427941265,-0.9757681216706345,-0.32889105282440245,-0.5473175248944714,0.7448498048354747,1.6882268813144015,-0.15125302025173856,-0.822865621335809,-0.27500478208970247,0.3907834494168046,0.7593916682922635,1.134089153675744,0.969859116060658,1.2019440211317232,1.5888076483324554,1.645084292218075,1.8966213973910377,1.9645377438958662,1.4352009592239288,1.1434516286214655,1.1672914036331339,0.3839628831216224,-0.7253534636471688,-1.1196842375203702,-1.6141247149666655,-0.04094982600226758,0.7655716505458935,1.1043155167570902,0.9977225094055208,-0.33581931687864147,-1.4451931538187102,-1.216571552899553,-0.6730429882508391,-0.3122602366552396,-0.5622201757136737,-0.9321685490945185,-0.5989052188524049,-0.4015246292089428,-0.2255384560610769,-0.7774078300589035,-1.6369821703371357,-1.5096272963099622,-0.7550236462390155,-0.43952999308840196,-1.0417147011730303,-0.5982489478082742,-0.5097315793676843,-0.6149474100680377,0.2843367392145669,-0.41476083811942926,-0.7121386171023947,-1.2695874002901575,0.22538644685612064,0.8172731361875359,-0.4744105803058024,-0.9362860411025332,-0.7637103074459961,0.3670173392885681,1.8256940497867027
0.42509766497677387,-0.18265250692762372,-0.01318707868198303,-0.3806642906661225,1.8092364448930105,1.0704656829660268,-0.5080349384767978,-0.589279377122968,0.07331499740210773,0.07087182021105981,0.7471801324918869,0.5685184785635264,0.8156793739608903,0.6361141794700054,1.3872273259455286,1.881338307734338,2.2772185967428222,2.2173986679855067,1.9034076895335683,1.131141527633463,0.8916626541418545,1.0588938723800643,-0.2759000188479696,-1.2082498550688654,-0.3671574069942518,-0.12693650161273912,-0.29571187341268,-0.8633166912466149,-0.3600566595979086,-0.46724557230170044,-0.17258680769946907,-0.5173533187290481,-0.13723327596204124,-0.07691854374335853,-0.5873559864344629,-1.0411842344301356,-0.9430107269352451,-1.1695674559398441,-0.3524043707116692,-0.009296135917231498,-0.1733639598862295,-0.07729033942301344,-0.5431573660884396,-1.1800070159783416,-0.5061559129303633,0.3987686888899097,1.0500719730819825,0.21271071496105082,-0.28928376233401565,-0.3042471295864264,-0.6054578771238553,-0.9009804868132534,-0.9447182028504395,-0.39747492576480414,0.13865944797301802,-0.31595553738676185,-0.3211303361601248,-0.23694059399986592,-0.5738478702395436,-0.2645419116594815
3.404158433428673,1.3403536609123257,0.37385595165810154,0.19298318462013705,-0.22886428573400086,0.5242139092716035,-0.3404953283567744,0.5559647365295722,-0.43182082268340405,-0.4897433361247728,0.2234610629965786,0.18120496440563005,0.11596405557516302,0.04768621359755365,0.35827045236310695,-0.23515450891531442,-0.004699432637085437,-0.8947312443954335,-0.6761248591939528,-0.8501368230148075,-1.0758829874454796,-1.2648782038576178,-1.1776185965547368,-1.8447359343281908,-1.1196842375203702,-1.1044852914053798,-1.0130908143470674,0.13569971024078734,0.498103803576069,0.3372672165214926,1.1299992612518066,1.0366275556482347,0.30882953406434666,0.7973973082009458,1.0097067362564247,0.0766488116965286,-0.9947195750987103,-0.02967921222743397,-0.0742285910113205,-1.0238005941756325,1.2568072822935374,3.0174480790273557,3.5753385773812494,2.530308786497619,2.5467624734913934,4.2111083054182314,4.868203499938578,3.906461948944313,3.0959041549012145,2.0576342926534568,7.291133147104875,6.054695047536705,3.0866132017424253,2.8725472804950503,2.2160482894460323,0.07137901197089296,1.717671428791857,2.1893926315701884,2.2641717781731217,0.7425717788554983
1.1293235387010174,1.5039578390982573,3.9426942833653738,4.287210833143369,4.35332398885277,2.159410586878037,-0.9559131041441875,1.1462967538762423,-0.6486808557890807,-1.0052797883692737,-0.5286530639623387,-0.1408935432616143,0.04284773578878901,0.2991290007765309,0.5831485456028764,0.21815636023416787,0.6657101699768628,1.0055296911016174,1.3987927184919282,1.36595970252511,1.1640287364912705,1.4123149899030936,1.2094969229711798,0.9905991222223829,0.61071849071659,-0.011512938785270108,-0.23331238544898125,-1.0911240341165453,-1.689288812691034,-1.76100155020902,-1.7080949098061255,-1.5960425517197308,-1.31161063126706,-0.7119390512967173,0.21155221840382926,0.4553907672176179,0.36180367551219833,0.6051346521835933,0.3497567981230404,-0.164390242138653,0.26789619166435696,1.2582471350542412,0.8185576090180963,-0.5749331757289111,-0.13014824649553164,-0.27580279471025104,-0.8739263143683172,-0.20640366346442318,-0.15787562377467337,-0.6664525873101145,1.1801598517357699,1.1762800800061912,1.3441329609293924,2.136438385579412,-0.1383257308900505,1.1981704282840708,1.6122161650874443,1.1039277674993746,0.8297379341384593,-0.20753547634731284
-0.5663782361876217,-0.613972613054172,-0.20419532742124538,-0.9605245544933886,-1.021459014311172,-0.6448004728692307,-0.22769638292943178,-0.7309590612861687,-0.6382297698562771,-1.4060704483812942,-1.205472117032154,-1.0714003431892087,-1.0869173344587284,-1.3047908401202954,-1.4818719584589346,-1.126591449627006,-0.4505869258411829,-0.4456430655631769,-0.6683375911223226,-0.4783413794363666,0.0031057234002839925,0.5285740059370946,1.0768793941086288,1.258730272176209,0.966532807324048,0.20690395702670913,0.5219365895599268,0.8507250696533438,0.3778846030718158,0.48316570282409654,0.34189961091683374,0.23318045482772212,-0.5517755876353865,-1.5938650025326067,-1.3674220166303424,-1.014158049298799,-0.8254147980473644,-0.9268445077826867,-1.3208490461368618,-1.5252159483395107,-1.3529645494727123,-0.8360117605561811,-0.6254705172673651,-0.57719372556795,-1.072146400300689,-0.7332536010140225,-0.47878875563225565,-0.7021654184891083,-1.234851020228413,-0.0325930362936601,-0.38875669643700755,-0.43936702752004353,1.698535721772721,1.0322750432059546,-0.11062721300374384,-0.26313718974708167,-0.8308307773981204,-0.667933995910336,-0.3733356124712575,-0.5115697980122124
-1.0667492517285317,-0.33435819942730616,-0.5208668976994963,0.05630183671799561,0.30366029752878604,0.20037735287946967,-0.808279190276048,-0.37794051491286,-0.019002928337658213,-0.08813306331109151,0.20003592889774674,0.2456246659390789,0.22445923977429813,-0.17265024939433377,-0.6280458798375073,-1.0051130689288195,-0.7654703059977048,-0.6900635380038707,-0.8474447567698183,-0.8497605118370966,-0.8341955022837726,-0.8448377702519728,-0.5713670360402184,0.018298301758751016,0.2643107594907083,0.3391971174981929,0.8369464184525315,1.3304811886453167,1.0510268640513045,0.3059703803430159,0.4606992021245981,0.014100713876085958,-0.6248458338174392,-0.9922443752034261,-0.8986287115271182,-1.1293946997893585,-0.7520215942024459,-0.9215783294203027,-0.4377185038911443,-0.6391227393182005,-0.5681144775447913,-0.039735682847203024,-0.7815816660549827,-1.1039018380640298,-0.8795249290744245,-0.0017815261223942925,0.6009475967279126,0.49157670216243626,-0.023610786550997496,-1.1946688798238263,0.19200246780374425,-0.6282088972309021,-0.7822836041305806,-0.4540986869121608,-0.33221535609419867,0.018560664331212763,-0.7429513909777763,-0.8435239003923793,-0.7126640486945108,-1.1386405864460676
0.49922670431616784,0.12075887807174118,0.04461804922595175,0.03559254158130767,-0.29609330289010016,0.6807942222524155,-0.3935771850284649,-0.606989337643368,-0.06690373886300852,0.4847762850496497,0.6994932523621226,0.7959756963236048,0.5908270356931176,0.678885375227254,0.11917884532940178,-0.6268329643282169,-0.7425840452845742,-0.8337245242210254,-0.6122692610065846,-0.38614514089717844,0.15500219240284285,0.17327098682981038,0.19168762091056848,0.347605005342819,0.3686011626342735,-0.13847885789548622,0.12774396214786987,0.3797476536621386,1.3626589050747406,1.9117742248533816,1.3975321989322842,0.5223471468041399,0.5504866881043384,0.38560637986741,-0.2881422531129515,-0.34263242152156526,-0.5543603520291994,-1.1236080811408558,-0.49821398014568125,0.017942613920939043,0.29463923115227125,0.608082143085525,0.540395925723796,-0.9223043343278992,-0.5437566795738465,-0.8245940238766414,-0.5948029807262737,0.04147721404791949,0.18207151728101642,-1.1493931976083651,-0.38875669643700755,0.14814101158040546,-1.003785329657661,0.11213892456140702,-0.830788678047722,-0.36877388502644204,0.38190475520262746,-0.1411642824642059,-0.4196076719562466,0.3815310218784299
-0.8628943935451981,-0.6199218558972966,0.48946620747397096,-0.6809490701480995,-0.9896136903951248,-1.1839349596099809,-0.15802644604783794,-0.047354585198724736,-0.9552460431513224,-0.5758026802991328,-1.1385431624640636,-0.3269949032471332,-1.9375824743389047,-0.41631645552653845,-0.7046973292262323,-0.6808729792711602,-1.2922488931016607,-0.8207359967000223,-0.348280873378319,-0.6138134034123168,-1.2416222381059074,-0.9626448094263159,-0.3932000215804995,-0.8555142160519387,-1.5147608235465824,-0.7746402637868821,-0.7832885621221349,-1.9527537336419278,-1.8470232247001606,-1.0526805078755568,0.5434847440292216,1.3494659992952744,0.890048420362113,-0.24476351145220238,0.030290498343820433,-0.2994655980479029,0.765049289819222,2.6364432696013824,3.415895039058113,3.3193902728780036,1.8451541510276526,1.267635799198194,0.5191080417982118,0.7926994768896649,1.5157098723727231,1.4873668433345641,1.5750076252400647,1.0313699288504978,0.44774449306403435,0.691817879153716,0.6774131125422832,-0.11413936301800928,-1.0628524564648825,0.6217527748876179,-0.09677795406059025,-0.17510661034761454,-0.5144649862848818,-0.524269528606846,-0.6201199297245327,0.9515953750001168
0.48996057439874363,-0.8073230054557279,-0.4052566418836269,-0.5732607354373216,-0.626930834684589,-0.9650783857845279,-0.2326728069924027,0.4414403251643184,0.3572361652432746,0.41346997130517943,0.36652170338587214,0.5136424365165143,0.16863925370083002,-0.3949308576479141,-0.9909981070755101,-0.6826594260461335,-0.752054222131387,-0.8439579095406035,-0.667169500911578,-0.4794703129694996,-0.36990112289417737,-0.11428357524430481,0.22030720920613417,0.3571501271858354,0.8319777381701934,1.1684710227355464,1.20660959197541,1.247961380438097,1.2965809757195663,1.2407332373795743,0.6356245844541415,-0.48068531123926145,-0.20457252244354088,-0.36863901658744475,-0.9577931399042936,-1.2649009891284202,-0.9755372604574248,-0.6113525495271309,-0.8265441290485093,-1.196683271719941,-1.093673340524673,-0.4317124108572232,-0.043601689968063864,-0.39107512215374163,-0.8102603589416922,-0.7070493813403204,-0.4270992494022475,-0.21455763969838182,-0.0807447598376681,-0.7645498987769467,-0.6401300660337509,-0.5128055324075996,-0.41311406158544633,-1.1335838206804423,-0.1798735077195108,-0.7208962026243101,-0.1453715633194367,-0.524269528606846,-0.8977522866344673,-1.0056255707176742
-0.5107814566830763,-0.6169472344757343,0.182847702918839,-0.515274709054595,-0.8887701646609759,-1.2141834291630922,-1.378909149496722,-0.9222266349064899,-1.2513601445807605,-1.2232967936109862,-1.4355403983599653,-0.436746987341157,-1.2645978535094862,-1.2672040317275617,-1.1194273567135724,-0.8787219595994564,-0.9469820288949481,-1.570921858973713,-1.41669405280599,-1.323912595752922,-1.527831102113192,-1.9954323988652858,-1.8407062408674912,-2.419178721607909,-2.547031323681323,-2.192130402664221,-1.0475181180511772,-0.21852095584020279,-0.03520903270343706,0.12003035363559607,0.9111086758768707,0.4378714839795684,0.8012179250035392,1.8463226605577256,2.113481326808952,2.212843528119244,1.7483514186051192,1.4391058073902367,1.2975192594441174,1.6411497471343808,1.4550545967582937,1.1543850379617657,0.6581888834453619,-0.1763228874450396,-0.5694835199088614,-0.7691908165665283,-0.4282479050962477,0.059415961762628554,0.11065405067267838,-0.11559845368867198,-0.6487981132612247,-0.9429453467489998,0.9897302000860636,0.9190275209112412,-0.1798735077195108,-0.5800472755851628,0.5752394053273844,1.6306974809455048,3.297581106671211,-0.07452046061891927
-1.0250516671001226,-0.7656783055538543,-0.9053966616088011,-0.8818292329739738,-0.9683834744510936,-1.3333979856371196,-1.1052058260333173,-0.8750000735187563,-0.5581047777047822,-0.7028426645565219,-1.0916928942664001,-1.2535251783887125,-1.3589414919435168,-1.2911818232884436,-0.8275426984452486,-0.8885474168618098,-1.0653592394801066,-1.1777237076560756,-1.5027433649975042,-1.6249615379217002,-1.4642291323337955,-1.2641254432239162,-0.9244763226164936,-0.28193916712158534,0.5411915552875464,1.128960649306144,0.5180635178932145,-0.5060234791153558,-0.7484243605176767,-1.0618854596927558,-1.1089520895811402,-1.4029553224064244,-1.143023723409121,-0.8032602427957356,-0.5700211857634434,-0.7825586572705413,-1.24450667227545,-1.2859021233997836,-0.725718335290948,-0.4134302406590713,0.021395132036624808,0.11459048401901745,-0.14436434054916233,-0.5048561307187031,-0.5905927222350273,-0.3663945255821926,-0.776290580378302,-0.9957085629116191,-0.7092184659910441,-0.7720958458128568,-1.2122211830470289,-0.6596825421827118,-1.2252870551847415,-1.1194278803936029,-0.5538034991846534,-0.8265328979036705,-0.9362860411025332,-0.6519712773210594,-1.1445366038877427,-0.6065805235324935
0.3648678205135161,3.726000041005371,3.0354051018538772,1.8373012184731699,0.6468821219572931,0.4850688310264004,1.5240048872363587,1.123864137217069,1.1297456004430144,1.4494605526041449,0.6693752228064819,-1.6034593595580642,0.02397900810198321,1.6159633913633389,1.566926750340288,1.6084585628571617,1.7291321117335376,0.9925411635806141,-0.19642914598152914,-0.6333815846532874,-0.1701161119400727,0.48830131203404425,0.7173206228460285,1.3806475102620104,0.7845358292891987,0.0058005956388502925,-0.028900269705829526,-0.8580494694461542,-1.0574985462112354,-0.6398384188741816,-0.4798755140912062,-1.6986201422924248,-1.3531603790960698,-1.553700589604798,-0.10386578511015677,1.1400541238781403,1.4606166989858365,0.13883849536885687,-1.3642816957555037,-0.09379184970094484,0.592300888061231,0.5998670619595664,-0.06985674680961777,-0.06857001178418203,0.1917670889784998,0.02741746151401656,0.3482433440478733,1.3836217021575112,1.4218787376017674,-0.38725254698143813,0.5213882624477529,-0.22954272784131177,-0.5460150969016946,1.4003294906637738,0.9973135024485307,-0.35116776914654857,-0.022340422330955168,0.27386640085698766,0.45956145825854633,0.02049026490136176
-0.4227532224675458,-0.49498775619167584,-0.9305293259165988,-0.7120130128531317,-0.7879266389268269,-0.8227326467110625,-0.313954400020929,-0.7651983182922756,-0.8742501271720938,-1.4134469635962394,-1.2665447880755367,-1.40304251034289,0.27792063488691576,0.6160246784325099,0.8374689174157988,0.42270451596861414,-0.3128747708604484,-0.08117711148897051,0.573731666302703,1.654214064651715,0.9619989501331869,-0.3897939671791905,-1.360622724529199,-0.37565490885302,0.36328439698381737,-0.46033302347208227,-1.1624192441636436,-0.6504331434779902,-0.7258299717704235,0.17894204526566984,-0.5832405127404816,-1.3194079635689362,-0.17448477401563664,0.5149780678243524,-0.13891222994504424,0.251568287685456,0.19500093950101996,0.8253566564287459,1.667213836555176,1.2770399278690368,0.34928805097540067,-0.47982931459498007,-0.4232356199743153,-0.9833391799819514,-0.4500845942514849,-0.05793342542318463,-0.8291287423023102,-0.5325627128227687,-0.5178196554806979,1.2653098538828889,0.8507740570917616,0.26354437640370776,-0.5017147517962786,2.3346215495951603,1.5374346012315139,0.10659124373067985,0.27644949149821463,0.28982911944626427,-0.9131763064627971,-0.2645419116594815
-0.7980314841232283,-0.46821616339761424,-0.40023010902206746,-0.3102526872013832,0.8008011875515206,1.8302360652706482,0.490567490159382,-0.4570450052373138,-0.3003113246956242,-0.13730983141072597,0.2042189885582524,0.4531992597690808,0.8046726161435871,0.9659708255372719,1.0867130343023155,1.3842594925980087,1.3550601262844364,1.541995236893349,1.5880233326325432,1.4976686147239504,1.474181871474328,1.4055401441997768,0.9543391850684602,0.2929374893328154,-0.1949759963140909,-0.148689403837916,0.05630730696184233,-0.06489365332676207,-0.3881930682265633,-0.48657597111781825,-0.5490973231413996,-0.8817126336592054,-1.5126732040947997,-1.1355679118616075,-0.4980440786294274,-0.19098549384017766,-0.31499842585315824,-0.5577332789283111,-0.5090721425503417,-0.5857570253495394,-0.3448682348630716,0.014835927489521521,0.0834160174545885,-0.16954123792792258,-0.4890046860403536,-0.4974156239507033,-0.38230167733624054,0.43449886852472575,0.5820093302877104,-0.2136957651555044,0.43470779017301375,1.4385604546046058,0.65009422094454,2.136438385579412,0.06941315325725084,-0.7385023185042033,-0.5144649862848818,1.087965048910098,0.35159331946023853,-0.7966019745730556
-1.0945476414808046,-1.0780135548179064,-0.3977168425912877,-0.17357133929924193,0.34258236009284343,-0.36188831646071834,-0.5213054026447205,-0.11347177114155173,0.24575791529336852,0.258563151791331,0.23350040618179202,0.8596000928998506,0.5192831098806443,-0.18755536306731418,-0.6777931781162825,-0.7148154679956535,-0.6589308164710621,-0.3232360334712999,0.4919653515505853,0.625002993612205,0.8553721184441986,0.7604242811172715,0.7394907264552697,1.1237969588499306,1.0904543451769904,1.208425332945055,1.247061673827739,1.3304811886453167,1.1141206288549548,0.25902512607530104,-0.5804342231843928,-0.7076556360811047,-1.0584914778259618,-1.0243759055456734,-0.7927356900367596,-1.0021464114626495,-1.1815386394312304,-1.1327042074031555,-1.3596281975820776,-1.5396691625393566,-1.3808703298079272,-1.0431491632321348,-0.40407652444128966,0.05952781242802611,0.13569577029962135,0.447433668283928,0.5538527132739054,0.2502190056372607,0.09637055735101073,-0.45516607030462963,1.0241350016412396,0.3474740962752007,-0.7675168224287752,-1.3600788652698692,-0.9000349727634891,-0.36877388502644204,-0.9714377956706709,-0.2209778754105892,-0.9748723857761158,-0.7395955392608871
-0.8675274585039101,0.3111346490517347,-0.32483211609867435,-0.4904235548905694,-0.19878814647995652,0.07760415292860598,1.9403657005049322,1.2620018292761896,-1.4107392050560166,-0.06928196887289835,-0.657491301505913,-0.40652539896744033,0.41471891061626,-1.013169050866327,-0.48134211246438446,-0.5348309554170906,-0.5441049222034582,-0.6219721664543697,-1.0343391904889443,-1.862037579879613,-1.7279902423012932,-1.9077357850390175,-1.9604248003573927,-2.1844554981046405,-1.7863248536929643,-2.0016815239988976,-2.599328832513925,-0.7079336481330208,0.2990173970672527,0.20471591035382675,-0.15995850469706874,0.7344646078526522,1.409659059878933,0.9123943641626726,0.6980571676709213,1.3937999731667987,2.1428398892715563,2.8461329171217673,3.339370846872887,3.3916563438772322,3.5160127485986488,2.972265132834584,2.2150427945364197,0.5184194297529369,1.589592080514304,2.8746931020594224,3.5001545683843642,3.1986968118367036,4.161452756697621,4.351602191570148,2.0209604328007393,0.43140381614669326,0.6057938758391239,0.12629486484824612,1.5235853422883605,0.9868970377253499,-0.8835584092503268,1.3274058277492482,0.3978653789452276,1.2746318417690725
0.3787670153896526,0.07019031390518037,-0.2795933203446385,-0.4987072729452446,0.0984348767364828,0.5491244136094602,-0.05352154072544703,-0.7711016384657423,-1.3410652988373255,-1.1970691839578478,-1.1176278641615354,0.11280873808616586,-0.9312503310425776,-1.0572363434647045,-0.9615558285023572,-0.8872075817805798,-1.0038030899758243,-1.2127533727884776,-1.2060484514683913,-1.681408214578346,-1.4930370833515223,-2.2690608892159165,-1.6653608759580394,-1.8529794486471596,-2.7008085455714426,-2.288908620727253,-0.9997502341617249,0.01499254398022701,0.17155093979501249,0.27467354416453915,0.9190598296191229,0.4364790279989437,1.1197659916926188,1.9583602334616137,2.127424536044337,2.1753071598812763,1.7258330492436103,1.6588490681479002,1.6444634010406496,1.9591204595309866,1.7951562945937263,1.3550677340387518,0.9391889512630731,0.09645012646566271,-0.31353444170409867,-0.6486514060674985,-0.551154064354267,-0.31240535450588536,0.1192241466656788,-0.20614981811959399,-0.908839530085442,-0.42887581253610685,0.7682284745589829,0.76331217775601,-0.1521749898332041,-0.22792495798729476,0.9794845828609671,-0.15712700105348248,-0.034007176248004096,0.02049026490136176
1.9493760363930646,2.5956439008116585,2.5603977464365006,2.2991185000213132,1.642933086664765,-0.33697781212286193,-0.7933499180871351,-0.4357930526128335,-0.09738607283368599,-0.5897360979273627,0.08207364647148742,-0.5083244334894336,-0.286568801743368,0.13711689563543716,0.816148646724895,0.84296611978109,0.5595652711521705,-0.24412409311609953,-0.14464381330518802,0.13429321787709653,0.5253901340593289,0.525562963402287,-0.3307206386817291,-0.24332481057483682,-0.06082990913334831,0.023114130062970202,0.21123017363033644,0.4864088951214701,0.8758137739546801,1.5845381877519569,2.064961398355434,1.6534855550650236,0.0504569642310748,-0.011809916470910436,0.4067571476992231,-0.787438385141477,0.032785278730148956,0.21830991429210767,-0.2117653148036861,-1.539113269685516,1.3858715163439066,2.4095320757064265,1.2840526708575373,0.6879606676808596,2.5315902343194616,3.0132011203347058,1.54629123289006,0.4116677350696416,1.3104674896927597,1.2954936420265297,1.1108154739159788,0.25305316141977124,1.3145993975257813,0.40941367058503003,0.48489092155185354,0.9692909218454565,0.9443328282928293,0.8644869886602246,1.1382183307050533,2.870812030509795
-0.34862418312815174,-0.17967788550606142,-0.03329321012822106,-0.5132037795409262,-1.1382252020033445,-1.0593824379206986,0.17539396617121863,0.08724111475631631,-0.8707664318611592,-1.1462531902548923,-1.148582505649277,-0.37232728580770824,-0.9202435732252742,-0.6690553395466444,-0.5701765736764831,-0.16637630807884135,1.1415865565292007,0.5698236315334244,-0.9556877829654788,-1.4563741303071844,-1.008913854560115,-0.2482749680432385,0.024404111859022595,0.08424641631050112,0.5133807811159289,0.8088822308499704,0.7181722206733528,0.4030112166141737,0.9815384609229596,1.6245797281567727,1.787606447228645,1.4274435342102638,1.2300877359282674,1.4941441766749375,1.9386259461273632,2.3235758144212473,2.3142297005230423,1.953755056441409,1.377662839097564,0.4787777897544813,0.04174309686438574,-0.30203148736887814,0.3211307212902789,0.11152045872592252,0.25971233396584664,0.18164801159352062,-0.2157466017062146,-1.0495248060557463,-1.0091718257460645,1.363407165349721,-0.9521797662228116,-0.43936702752004353,-0.9742517662540503,0.6642205957481355,0.19405648374563164,-1.108230751981965,0.4522082643389029,-0.44445593566046265,-0.15739933487464164,0.24851600615003652
0.0776177930733642,-0.0785407571729398,0.15520177218026163,0.15363552386042958,-1.0568427075512243,0.5704762744704795,0.4507560976556138,-0.22799618250680576,0.21788835280589217,0.31757527351089243,0.5489031045839187,0.3251551616593862,-0.8416238745302485,-1.7046367156085145,-1.2407498494546672,-0.9876952128728296,-0.7488974965157827,-0.6774686022259281,-0.8279765865907427,-0.4933938265448055,-0.1401857732203566,0.27941023618177446,0.2880267984125433,0.3489066128668666,0.9808471763829689,1.2967687521860793,1.249213380309246,0.5829746281299186,0.2597969486757943,0.5959263625847842,0.8395482921966032,0.2452484066598037,-0.7986861580675516,-1.3135596786258978,-1.1669412784350728,-1.2934286289892754,-0.8345889485279792,-0.7104524514374497,-0.9832119008871818,-1.3045264853649434,-1.427379963699952,-0.8676985020420211,-0.6574023431557414,-0.45361700103381974,-0.44744594396071424,-0.510892079782893,-0.029664379278185684,0.017015285346043556,-0.10074165048800277,0.29188268625047703,-1.0475282857250248,-0.4813318874557898,-0.9151846394468288,0.2820102080034773,-0.7753916422751083,-0.8441390137835639,-0.7956790228299827,0.034425622017837665,-0.6818160090378516,-0.3595526371797627
0.6335855881188196,-0.17372864266293667,0.7056071205210311,-0.8818292329739738,0.5407310422371362,-0.1074453078668991,-0.38528314492351323,0.008136624431862373,0.6681559717441846,0.5978828516788087,0.9789216376839003,1.5022064983199332,0.8125345860130896,0.671756842601046,-0.07727222032249625,-0.21595020608435125,-0.45098151654313356,-0.5180639462863454,-0.9915092160949781,-0.06929112926453934,0.27771658115367887,0.027235423891647202,-0.2851711530845612,-0.005564502848790416,-0.3516160920159949,0.5917971453783074,1.2199501721607524,0.9736269116640959,0.6745958213376321,0.39894039369672574,0.2497597704919143,1.3457527833469416,0.8508865890749997,-0.6345697084989378,-1.3278534498812762,-0.7547817447744455,-0.22283991420698213,0.6956171713191015,1.2954510380337063,0.5882886819610046,1.220180945603568,2.5427337482487533,2.614545416206549,2.647103861514633,2.47485925306789,1.4416966319032547,1.4268310407140412,2.210434892280917,2.133196705020816,1.1596665953801466,1.769587063203996,0.4628774610985032,-1.0776192381666878,-0.18513582146221624,0.401795367892933,-0.1398943785878278,-0.4090097225804689,-0.8914120561602094,-0.5738478702395436,-0.9486191354055055
-0.7748661593296676,0.6026475483648501,0.48946620747397096,0.1370680877510791,1.1192544267119908,1.5117374740937695,0.3794273527530296,0.15453896473383652,-1.0519185880297566,-0.9036478009633625,-0.08273890415243569,1.0472920627997757,0.012972250284679535,-0.5122276217700659,-1.0224708876192248,-1.125251614545776,-0.8025618319810546,-0.08826176286406295,-0.6523736915754804,0.23251043525966042,0.526886650995315,0.5376071335415169,0.5383474228005191,0.6226780620915664,1.2908555120018808,1.0663655633112474,0.1991806173338979,-0.4217479303079828,-0.4201662598500352,-0.21134791178356827,0.24367947645372126,0.3287957654972921,0.8728554212604537,0.6532282049548109,0.7851080145188672,0.8513994521281724,0.6053356700885187,-0.2288365030230505,-1.4340841683568921,-0.21386470613043235,0.2760353775954614,1.3503734019667761,1.3436587458491727,0.24112531616415667,-0.19083720318325878,-0.24286034712045398,-0.5120997707582609,-0.30751296876551026,-0.6292309033897053,-0.9682904687465212,-0.813491010583229,-1.1212960014759217,-0.07347808244392294,-0.4540986869121608,0.4294938857792399,-0.2455310738671882,-0.05749217689909273,-0.06135068951782248,-0.7743601280078297,1.3506404221852972
-0.6266080806508795,-0.17670326408449896,0.42914781313525646,1.0689863689020422,0.7052652158033794,1.24661853506944,0.8057410141475448,-0.23271883864557907,-0.7018072092808327,-0.6241598355971069,-1.166987968155502,-0.7039694529613895,-0.27005866501741255,-0.07155469578629138,0.14557537094671097,0.3892086389378642,1.1767051290027974,1.747843718514094,1.6351363044659064,0.7292411898381442,0.25302405170991293,0.3381255656105208,0.7269948498755158,0.3831822776667894,0.0610467188540341,-0.23792069663915164,-0.8762422821232312,-0.8966757626495334,-0.6098738634826332,-0.7756114581778667,-1.6215676484933836,-1.8698922279092758,-1.728540859482302,-0.4709525737298634,-0.09934366319597784,-0.7296323780550075,-1.2916284451986082,-0.8665228283590144,-0.4372014485385415,-0.6758116676716549,0.13243688295383438,-0.27386549493702045,-0.5410285776958812,-0.44532831829067676,-0.2911059142325474,-0.9324056705341588,-0.9083859851883226,-0.7625048426204021,-0.8720502898580552,-1.0814796742851738,-0.6661342077161726,-0.7436122620542045,-1.3729548722027953,-0.31253928404376896,0.4987401804950071,-0.5096228120655891,-1.1999242003635653,-0.9233374933387628,-0.8823282668061376,-0.09352260572297554
-0.24669675403648483,0.043418721111118615,-0.030779943697441397,0.027308823526632345,0.404503823262935,0.8569470743558287,0.7974469740425932,0.2324627910235969,0.024543263049023878,0.09136214025257416,-0.8390360907718586,-1.723550408095728,-0.6898878560488491,0.13711689563543716,0.9506694022746444,1.3628221312983286,1.4548915738779202,1.6211071772485492,1.8886118801974712,1.654214064651715,1.474181871474328,1.409303947368286,1.0220587742748688,-0.006432241198155454,-0.7119292103276855,-1.0489931938921735,-0.9020627599013135,-0.3392281221007631,0.31905393048462793,0.21622210012532578,-0.7221518457668834,-0.7127613080100623,0.028488132045621044,-0.12046522302298311,-0.5470337326997,-1.0757176932090653,-1.3437543002021013,-1.1791423256896334,-1.4552834378136101,-1.1483205934358418,-0.524511695771018,-0.5332273419137104,-1.1668923651080565,-0.4882787652324172,-0.21260606808211746,-0.4562375644634571,-0.1985167662962119,-0.15421821556708776,0.2049251065956847,-0.009955195185929733,-0.7961549161282813,-0.2924900177449313,-0.678916132217943,-1.1335838206804423,-0.9277334906497959,-0.38638000090633534,-0.7253755136937076,0.38560543098192424,-0.034007176248004096,-1.1576427315501239
1.0644606292790477,1.679460502970439,0.4869529410431911,-0.2460538722776501,0.4080421925869403,2.4868057867470075,0.9683042002045974,0.828698128543734,0.797923622076497,-0.5512142962493158,0.33807689769443355,0.2981147931144816,1.402182326225781,0.49807986588979375,-0.54936392847822,-0.3981677771316309,-0.28249128681025776,-1.1139618452802424,-0.8451085763483293,-0.788798101047919,-0.3265021317505889,0.3027458158265329,0.24650824074432837,-0.0016596802766472637,-0.7131561562470214,-0.7861826200696287,-0.4067399278584342,0.6229177267834132,1.1119890827467236,1.2706493307854712,2.131844632775553,2.1979358434893226,1.373362728442096,1.1931224713633584,1.2953541038353988,0.12169245358208931,-0.8312528938077556,-0.7123674253874075,-0.9666661296038896,-0.13103667090823978,2.318389675879007,3.168840288348591,2.0383533579540707,1.6976729291182657,2.935963391380079,3.4040183394682058,1.9896723307741289,0.7101032652325276,-0.45782898352969364,1.152120648344236,2.5410432664491736,3.14862849698627,2.4516415885647946,0.6500646554612963,0.38794610894977966,0.810835878926416,-1.0417413048069462,0.5133071796961377,-0.0957032555613228,0.21051171594192397
-0.5941766259398945,-0.4176475992310534,-0.69930881428486,-0.0824504406978144,0.3956578999529219,0.69680811789818,0.4474384816136335,-0.1146524351762451,0.0018992435279490446,-0.035677844004814885,0.0996424970456111,0.2511918006395002,0.3148718932735776,0.05351864938263273,-0.45240745938387245,-0.8532650930560866,-0.595401713457027,-0.49838435913331053,-0.5382902143260972,-0.49715693832191526,-0.6703268977933272,-0.9457076951680238,-0.7846031234818275,-0.3140454860480951,0.15429460872357456,0.22910079603199163,0.7013889101175993,1.3304811886453167,1.4462155125174134,0.6170977517643421,0.35078619451111537,-0.11168447637368795,-0.23895852064685977,-0.34369480224280563,-0.7267880787883158,-0.9068040361382128,-0.7937222782052403,-0.9728038825816752,-0.8193053541120691,-0.3456113124905644,-0.4006797955335015,-0.0403224743562,-0.6141169791737203,-0.6141160396055865,-0.014047633701618652,-0.32446777410426925,0.3103377061458675,0.18498719576559156,-0.09788495182366916,-0.7947336869205873,0.5213882624477529,-0.11413936301800928,0.0003558260651039515,-0.6947496717884272,-0.8861857138203356,-0.06946991506825402,-0.7956790228299827,-0.49234409142829266,-0.8977522866344673,-0.8726105549892808
0.11468231274306116,0.3319569990026715,0.6628815911977749,0.6154528054085734,-1.2125309578074541,-1.482861011664258,-0.3521069845037066,-0.35432723421899315,0.28756225902458354,-0.9831502427244382,-0.3973049906224611,0.12076178765819659,0.12854320736636704,-0.11756613364636191,0.05572565874933132,-0.08598620320504145,0.5631165874697253,1.3951855167317084,1.6000935981435702,1.1653858448051615,0.6032090147305909,-1.2385315816780524,-0.9607546739770699,-0.33617281395690646,-1.4992195085683255,-1.5968111805425451,-0.39512071285829703,0.47411871092039476,-0.05695080300739771,-0.38992397703722864,0.3423673258428485,1.0338426436869854,-0.0632078631632295,-1.1905297400786095,-0.5221620621717155,0.3251395694318718,0.7542071119784958,-0.07515984353893294,-0.5747381723309073,-0.749189524378564,-0.7372932708270321,-0.3037918618958692,-1.0384554654236986,-1.082803372899666,-0.9118483951363661,-0.665122629862397,-0.6005462591962746,-0.16074139655425462,0.19349831193835065,-1.0135661509619822,-0.6401300660337509,-0.4708406724718533,-1.121919583272104,0.338633969150834,1.3296957170842127,0.3178646342894006,2.6316170475634353,1.678585636713335,-0.5275758107545545,-0.5495740882203248
-0.4876161318895156,-0.6942873914363566,-1.0109538517015515,-0.8134885590229032,-0.6074698034025603,-0.9971061770760575,-1.3805679575177123,-0.6790098437596618,-0.2585069809644095,-0.7552978838627987,-1.1193010880257375,-1.3775927517123914,-1.298404323948347,-1.1972148023066094,-1.4067433855481313,-1.0828235036401594,-0.9240957681818175,-0.281121716963805,-0.6589928694363663,-0.981845735213648,-1.4780719139916643,-1.5595839919519012,-1.7923351057200563,-1.96795477993804,-2.4934546852036483,-2.2684875288423934,-1.28678787879474,-0.2562693787435056,0.6596749985800122,0.7648372284303862,0.1959725540002096,-1.0297771195989764,0.19850778982869824,0.1704096832331493,-0.5937623258128831,-0.215759496877236,0.3780669422732883,1.0886655745479505,1.6904813274223058,1.1997708211852463,-0.272778302330433,-0.33899935243569146,-0.48993765627447927,-0.9434027994922628,-0.9639617383790883,-0.9683428860866646,-0.33750410527023356,0.020276875839627104,-0.5920938207533695,-0.45516607030462963,-0.7528146799909118,0.9559645653435228,2.1710727362304922,0.5509730734534222,1.952912369526117,-0.7385023185042033,-1.0768930593750838,-0.4604186542497394,0.13565704186362268,0.3435267316703177
-0.07527335056413613,-0.6437188272697959,-0.2192749260059241,-0.5939700305740098,0.10197324606048788,0.39610274410548446,0.21520535867498683,0.3162899374868243,0.2805948684027142,0.12742510352563932,-0.026685904701659782,-0.003305785665482703,0.24804514938280584,0.7501707014893353,1.0039700790019033,0.8291211572750468,1.0437280624454695,0.9594794571635156,0.6095530994322022,0.44550256184407083,0.6552129782560975,0.7984386931192161,0.9825556805711306,1.3181703491077208,1.2908555120018808,1.0281870002221611,0.7921909236371889,0.4986990793225455,0.17282986745995121,-0.1262021074744772,-0.3727687960338124,-0.5076061268646745,-1.060879394367859,-1.3858556218959541,-1.1545054431710806,-0.8576313937464757,-0.3950637391385239,-0.4074078238566199,-0.656949973394765,-0.4356659548126801,-0.31289286156230445,-0.5543518362376038,-0.2848643744580181,-0.288596862783975,-0.5793784584992516,-0.665122629862397,0.06912001040582967,0.026800056826793976,0.21063850392435174,0.9634719724464823,0.29601903453343115,0.5992632558896788,1.4179668694384193,-0.2983833437569296,-0.6784468296730343,0.15940959137036004,1.0322122147131734,0.27386640085698766,0.382441359116898,0.49554389250276726
-0.0011443112247420167,0.21892138498330033,-0.38012397757582933,-0.7451478850718326,-0.6729296358966571,-0.07719683831378758,0.012830780114166305,0.6102752821254658,0.3572361652432746,0.8790100426483854,0.6241981784730206,1.468803690117404,2.9046047682877196,3.4311470173641507,3.493873120403866,2.8281550984702024,2.18606814459225,1.833646718501326,0.8875585695894023,-0.18143186022240937,-1.4911664371815398,-0.8516126159552896,-0.2585670287534722,-1.7119719668753253,-1.9634140480504692,-0.5757565862995507,-0.7260531697140521,-1.4128634990946938,-1.283868742905414,-0.3586271408587519,0.2254385943391437,0.16030859184169066,-0.4572140925762591,-0.7939590103282429,-0.9291530344478265,-0.3580223324991318,0.09742133893448043,0.40741359185044523,0.41542282790360596,0.05574332798207414,-0.13964447531451157,-0.11484499599882353,-1.2456575356327182,-0.6872071510678465,-0.5312230906926855,-0.43302811275246383,-0.7590607449682993,-0.7331505281781511,-0.7434988499630464,-0.9154688394951501,-0.5101093576216423,-0.9114717017971898,-1.3877216539046004,-0.9637125372383719,-1.093924597967637,0.10659124373067985,-0.3914338452964001,-0.7956357446245493,-0.45045571161290593,-0.09352260572297554
-0.36715644296300026,0.4628403415514172,-0.23686779102138245,0.5885307217308791,-0.04309989622372645,-1.2622251161003868,-0.45661188982609746,-0.29057137634555275,-0.12351378766569523,-0.6003910643489503,-0.37304324459152816,-0.49003241947376297,-1.1018550772107831,-0.21153315462819627,0.12831610419693204,0.14937815939769483,-0.9158093634408563,-0.8266398728459328,-0.6757354957903712,-0.09337504463804186,0.7854099516868621,1.4123149899030936,0.8745268120751923,0.030880507824545027,-0.22278677048570844,-0.5952898046241997,-0.589204637490216,-0.43579385510921154,-0.9044535356402181,-1.743512141756342,-1.9166957668087359,-1.0144601038121035,-0.9304991511802744,-0.041827530343272905,-0.20938196310766716,-0.7821832935881615,-0.8942209266519754,-0.5452859482535851,-0.6636716929786024,-0.5868688110572199,0.42254072435533996,-0.4827632721399653,-1.2066297484358137,-0.9230578509409122,0.2577333462477686,1.2971990777025546,1.5049396279060536,0.2583729818712194,1.1047851858607458,1.9595369811866243,0.07064980661910968,-1.037366281604429,-0.8561175126396073,1.1879903863611858,0.15250870691617138,0.6699869518872686,-0.6550720045574323,0.2100155264998808,-0.15739933487464164,0.6095567631271048
0.10078311786692486,-0.12018545707481336,-0.568618959884312,0.7355667172013645,1.4253233732384434,1.275087682884133,-0.45329427378411696,0.04355654547266261,-0.08867683455634956,0.6790245190432057,0.9153391308442144,0.42695419618137925,-0.8180379649217409,0.2796875481595996,0.9481312748114415,1.6254298072194084,1.334541409783009,1.5297938928584673,1.4945761157729802,1.5251393306968513,1.474181871474328,0.9256552402148328,-0.024370116081307677,-0.36654365618468565,0.5620496359162594,0.30013068084889566,-0.4153467537844617,-1.2175373573276052,-1.4633449252185013,-2.067526445721747,-1.2441217031994234,0.5529811783778859,0.620213851127735,1.2206033854718596,1.29083198192122,1.2057427682945832,0.7900697002208988,-0.9029073334082136,0.7690886890839753,1.7867936748405184,0.8300813913342084,0.19498092075161166,-0.07198553520217615,0.49581393136254714,-0.41116450246261643,-0.39783958919063517,-0.2869632547342257,-0.41677625030055593,-0.29214046099834906,-0.6438147462023839,-0.8048229633557552,0.36845652624307373,0.28092467839940577,0.4518814914455476,-0.027531659344823295,-0.5624411597052693,-0.8835584092503268,0.7208225213567345,-0.3733356124712575,-0.8916127000933368
-0.34862418312815174,-0.74783057702448,-1.0385997824401287,-0.17357133929924193,-0.09440625142180226,0.9423545177999079,0.5386729227681014,-0.13000106762725847,-0.025099395131793757,-0.5094140433646265,-1.2188579079457724,-1.6193654587021256,-1.1175790169497881,-0.18755536306731418,0.5902553024998444,1.1015542904584792,1.3680816194488041,1.4813821084620011,1.5775105207358424,1.504818527100459,1.1606615733853023,1.0886279174112883,0.5318979381141946,-0.7305598937433595,-1.3924752135860883,-1.68204704232283,-1.938754942691319,-1.4413942838471898,-0.28033683515005253,0.15823090367697182,-0.22684173911718827,-0.3795001766471923,0.08484296243439395,-0.08960204256266663,-0.2937949055056753,-0.6275334564477366,-1.0264120949408344,-0.9196633554703447,-0.8932442695342808,-1.2228102358504311,-0.757641235654793,-0.5537650447286067,-0.8269958184295623,-0.28181521326685804,0.0017842680430059299,-0.6756043177318778,-0.6396005527922807,-0.3172977402462607,-0.21500959706134376,-0.515533646591911,0.09665394830153123,-0.15610422295375556,-1.2548206185883524,-0.8363090746568191,-0.5953512760141138,-0.9145634773031374,-0.9714377956706709,-0.6040831215532294,-0.45045571161290593,-0.986623425613618
-0.9601887576781528,-0.8727646767301007,-0.9380691252089381,-0.5877572420330033,-0.7436970223767616,-0.8672156901715204,-1.103547018012327,-0.4228057482312069,-0.5972963499527959,-0.5954733875389868,-0.9578349851302191,-0.9449468549939203,-0.6089095663929727,0.31079387234668937,0.05572565874933132,-0.41647885657510747,-0.009829111762442402,0.8130633287449358,0.9019650155219179,1.1548491318292542,1.3522157411914852,1.3547288014249004,1.1885360977406243,0.5285284511854491,-0.004390396843889293,-0.8625397462478009,-1.715407809910907,-2.6936762669067496,-1.0246727361444712,-1.611881330770396,-1.493413758765323,-1.4841819212762046,-1.2127508864325176,-0.7292731663497716,-0.5214083751860189,-0.060358932372051706,-0.0798065680773966,-0.8224784275099838,-1.1693518278242183,-1.1711122004432908,-1.1070448602686302,-1.1775244187924563,-0.7716473202230434,-1.0029306119202892,-0.8702896530567268,-0.7519709007809526,-0.09398909814219564,-0.41025306931338906,-1.0634491003684015,0.48053136214823117,0.09665394830153123,0.4628774610985032,0.28092467839940577,-0.25591552289641206,0.08326241220040417,-1.1258368678618582,-0.3562820907282625,-0.3007914683569726,-0.3270635529862684,-0.6635869588446621
1.9725413611866254,1.5515517818432558,2.13062918677316,1.994691861511999,0.9193365599056954,0.23418446590941794,0.15217065387735426,0.43435634095615816,0.11773211261652336,0.1315231675339422,0.543046821059211,1.25804787645859,1.515394692346618,1.8907359216826334,0.9694515455023454,-0.77064192971357,-0.5480508292229634,-0.46807779491763685,-0.8602937490880082,0.21896323286206565,1.0843392096500266,0.44953413939839787,-0.5415381693659665,-1.7384379865309618,-2.073839180790715,-0.20950874271239023,0.21510324529704883,-0.8106444732420067,-0.7339298469817028,-0.16900513342445242,-0.35125390943713064,-1.465151689540999,-1.6287259480310012,-1.3313165769729292,-1.341419815623813,-1.0554480543605629,-0.7474345189621383,-0.8239146579724523,-0.12903645838722566,-0.5490680969960849,-0.8675202457247019,0.028918923705450142,0.5141408688822419,-0.5545882271775603,-0.9026131191186686,-0.6988137694428711,-0.5500054086602667,-0.5472398700438942,0.1163674480013454,0.6314503028664347,-0.07670699624794679,0.23207073145189822,0.7091613477517613,-0.7372174926489448,-0.8584871959340289,-0.6152595073449497,0.1358424732256641,0.38560543098192424,0.22820116083360087,0.02049026490136176
-0.9045919781736073,-0.49498775619167584,-0.558565894161193,-0.05967021604745745,-0.18994222316994344,-0.4241645773053595,-0.3703538727346003,-0.5243428552148341,-0.8289620881299444,-0.925777346608198,-0.5545880338574737,-1.1970585264272942,-1.8393078509701228,-0.6787760658551101,-0.07524171835193394,-0.7250875369517501,-1.0669376022879087,-1.0671244278560192,-1.282363678570368,-1.322031039864367,-1.4028719379583776,-0.6728319654510948,0.04133400916062476,0.04997075151057827,0.3350646408390879,0.5003461686765438,-0.011686617853774625,0.2594794225516166,0.44481515087028317,0.24889967907638222,-0.11786416135573509,-0.512711798793632,0.5251747727602282,1.9723120821628526,1.7713074353027398,1.0916322088511623,-0.05311813031560798,-0.07515984353893294,-0.2836360088154864,-0.33226988399839935,-0.11929651048675063,0.4390861884943786,1.3507547071577009,0.23359015003402678,-0.8175166472413117,-1.1083482883433018,-0.5591946542122682,-0.3189285354930522,-0.44925888753669296,-0.35706875883779754,1.1888278989632437,-0.20856029787343855,0.05942295287232532,-0.057732358880663276,-0.9138842317066426,0.24744017076982713,0.32917712335042104,-0.5402322471961226,-0.1419753150463119,0.7805760690636108
-0.015043506100878483,0.6532161125314109,0.5724039996897035,-0.6312467618200482,0.13204938531453245,1.138079909025923,-0.06513319687237923,-0.2575127833741393,-0.2828928481409514,-0.16353744106386442,-0.20655747010340297,0.37048754421996116,0.49255241232433544,0.560940562684538,0.5339088728167419,0.6165339910532206,0.8728702885008904,1.440054975440628,1.7048323537069972,1.4280510468474203,1.2029381768269012,1.2053058156350784,0.7241732003252486,0.41442085824393415,0.06677246647760221,-0.41061210410024956,-0.5448794839711748,-1.103853153467659,-1.1576812132981131,-1.3601258985700033,-1.362453579481173,-1.2632455723504024,-0.32396834953839826,-0.054511029162581014,-0.37896153488938,-0.5288128079818827,0.019024053009226632,0.003354088409338756,0.2649597202961684,0.8734617159810374,0.6463683374607099,0.4784012195971799,-0.112432514660786,-0.5274616291090928,-0.6466640409139057,-0.41655688895756526,-0.7223037627602935,-1.0968178682127063,-0.800632823249717,-0.1759660299759535,-0.46676912148427274,0.15863222656434198,0.9158962915770368,0.7350002971823317,-0.6368990528435741,-0.17510661034761454,-0.4441614771486065,-0.6998594330888893,-0.5429998305828843,0.22951386104598043
-0.26986207883004554,-0.8132722482988528,-0.7495741429004554,0.6382330300589304,0.623882721351259,0.8409331787100641,0.9666453921836072,-0.3767598508781666,-0.23237926613240023,0.21348444769999964,0.31716159939190525,0.5613607339486987,0.16549446575302892,0.2673746281688764,0.32375191886354876,0.37670351151305104,0.3145244452408922,0.7430039984801313,0.9148140078401081,1.1657621559828724,1.2306237401426383,1.2670321875986323,1.0458412490556912,1.1389823799638208,1.2908555120018808,1.0548232070285002,0.7482961114144485,0.24192201655008053,0.2751440806550604,0.06434039514154212,-0.5804342231843928,-0.8923881295106623,-1.0002263142036711,-1.3139824619198748,-0.9608078878470797,-0.9255722202571964,-0.5518583109890316,-0.03015795571492338,0.35596146235427484,0.3392486834405861,0.1806906281168101,0.4742936790342008,0.3580297200946247,-0.2795546634278191,-0.30495882825909376,-0.3506719937779713,-0.37311243178423914,-0.29120501629759293,0.35633013580536166,0.8351908728360093,0.19200246780374425,-0.3554373076485508,1.0340305451914795,-0.41163086605164323,-0.24911980243527798,0.21222793901004022,-0.4265855998645378,-0.5083068100175694,-0.26536747367294955,-0.5305719431162687
-0.38568870279784884,-0.7686529269754168,-0.12125753520551306,-0.8404106427005977,-0.4022443826102571,-0.28359815997031235,-0.28575466366409347,-0.547956135908701,-0.48668902383062346,-0.1799296970970759,-0.03672524788687342,0.2527824105539066,-0.4272980624074638,-0.7623743121079143,-0.5468258010150172,-0.8349540136126099,-1.0456297043825802,-0.8290014233042969,-1.0109773862740536,-0.9396988833100192,-0.8057616805000424,-0.9848512481205213,-0.6943103378732822,-0.12444465671181361,0.3960029548327791,0.5842502201165116,0.9053706845644497,1.2290871689864458,1.0719160159119727,0.5411568992724505,0.6557363262727787,0.29537682196229686,-0.1687537743150836,-0.45108175891294744,-0.8696117625778028,-1.0603277822314987,-0.572708652990429,-0.5093801866918755,-0.2660561268269884,-0.5801980968111372,-0.2960331192764455,0.18089792453568274,-0.26002850987816983,-0.873325754482055,-0.9257013091629124,0.20410877131383676,0.750272836947936,0.22575707693538477,-0.5378165461310325,-0.19105792404777375,0.400035601263118,0.02224643177316644,-0.2063791177601712,-0.8363090746568191,-0.6507483117867274,-0.7208962026243101,-0.9011342865343955,-0.6519712773210594,-1.0365684650894347,-0.9676212805095618
-1.108446836356941,-0.9530794551122855,-0.8752374644394438,0.04180533012231398,0.20989351044264748,0.4352478223506876,0.7974469740425932,0.06716982616652944,1.0687809325016595,1.2314435473624321,0.855939683665034,0.6838376973579715,-0.27320345296521364,-1.0695492634554276,-0.5153530204713023,-0.5602878219604605,-0.8049293761927577,-1.0600397764809268,-1.4509580323211628,-1.7694650301627135,-1.684591251157705,-1.1128205558498396,-0.5092907459343432,-0.03376599920315704,0.4344472603053089,0.8253078917138795,0.9978940632692446,1.1079410675758472,1.1158258657415403,1.521024020213284,1.7445766740352815,1.6957233864773094,1.3962867272443087,1.1178670450354642,0.9701381695073586,1.1520657617142895,1.1124159875625015,0.779876025117247,0.46195780963786515,0.5805061820072415,0.9294957337784118,0.9073458126740134,1.3088885354373856,2.087994534658994,1.789469840040188,1.1444659116044047,1.0994641679239903,1.4064528356125956,1.3304643803430947,0.3673421566095788,-0.29340817693479454,-0.38691095260036057,0.2661578966976005,-0.5248783883463568,-0.7338438654456481,-0.26313718974708167,-0.33870621344419366,-0.5083068100175694,-1.2062326832010613,-0.7205933941568309
-0.4922491968482278,0.19214979218923878,0.1200160421493449,0.34001918009062226,1.504936683028561,-0.2604669773708743,-0.9907480725849844,-0.2893907123108594,1.2891246609182707,0.7798368936474561,0.8626325791218429,0.5025081671156711,0.3022927414823736,-0.2050526704225525,-0.7285557273803389,-1.0484344032219228,-0.45966251198604513,0.060122324269820296,0.6566660712655652,0.7823010658953914,0.3368290001251178,-0.6980494466801075,-1.6524619065853903,-1.7058977984297692,-0.7646878848591361,0.48525231815295183,1.2582505475315746,0.9960126043160544,0.8937187612638241,0.8633302128744154,0.31523986013398925,0.3515392131808307,1.2262670694612317,0.9064753980469956,0.44519518396974467,-0.08700975382100842,0.09825535261453647,0.24224708866658054,0.05606935784460502,-0.23610042028404116,0.4074250933404319,0.5799161506536674,0.6915399015954437,-0.04068989710270135,-0.6374287648962081,-0.6508974820395301,-0.6694656008362854,-0.6809650802808158,-0.8092029192427176,-0.6438147462023839,-0.35408450752711185,-0.10364814803407257,0.08895651627593612,-0.1143561200280202,-0.9000349727634891,-1.0202001725824978,-0.9362860411025332,-0.42849321707118593,-0.11112727538965254,-0.8536084098852242
0.9486340053112444,-0.2986627423685574,0.4115549481197981,1.52459086190918,1.7826986749629712,1.5562205175542274,1.6981797294403436,-0.6471319148229416,-0.39088740277992295,0.05038150016954544,-1.0833267749453888,0.07463410014041841,-0.34553357576463706,0.18896076928058714,0.11308733941771512,-0.14851184032910805,-0.46873809813090717,-0.5475833270158978,-0.7812529781609612,-1.4582556861957392,-1.0459526487257635,-0.908446043799781,-1.212687669536627,-0.6108120015309708,-0.6608064636886827,-1.1559819578976351,-0.7471398932328194,-0.722418508084288,-1.0724193689688555,-1.1000860097341316,-0.4709889304969246,0.0957914647394079,0.632153433837221,0.6980432341163659,0.9354685681653192,1.4088145204619855,1.3884745156610019,1.3735179496041807,1.1005211701024211,1.3487501060144254,2.0701445049803238,1.1449963738178133,0.8923556066267879,0.4927998649104951,-0.0100896582654626,0.5769573826710841,0.5802717942359095,1.2433733109334226,0.6791370848750503,0.26924484514274666,0.9114503876840788,-0.5337879623754728,0.31045824180301657,0.7774681180428491,-0.4014616508099657,0.634774720127482,2.016461342621027,1.0081514559637146,3.8836938601477407,7.07028609850622
0.5640896137381379,0.8138456692957804,-0.07853200588225699,0.1453518058057544,-0.47478095375236423,1.3943022393581606,-0.02532180436861127,-0.34488192194144635,-0.9683099005673271,0.1716841948153102,0.181630466391522,0.7387137394049836,0.3447473787776871,-0.18820341148787884,0.058263786212534134,0.03370573071817159,0.09276447074469515,0.3927073471561101,0.820588064173382,0.9753487000611204,1.0383213138684628,0.7720920709396505,0.4343494822335341,0.34153083689726277,0.6229879499099507,0.8106579779703927,0.24780918381595288,-0.47046973196224534,-1.4433083918011258,-2.31191791646838,-1.080889194020251,1.3035149519346558,1.8031877059835835,1.6801688260247896,1.4332788222178587,1.373154970635917,1.1174200696428367,-0.7549755957739698,-0.17298616335847014,1.004652429487329,1.321339399318722,1.160839744560733,1.08252736969534,1.301323190673433,-0.22843796982674203,-0.9174318307206146,-0.7131145172082921,-0.8570909669343224,-0.1407354317886721,0.24660700403501604,-0.8394951522656507,-0.7331210470702679,0.31045824180301657,1.1030547446401506,-0.3183660971510452,2.025657874639061,2.104340729041371,0.4015681495712011,-0.15739933487464164,-0.2265376214513691
-0.283761273706182,-1.0720643119747817,-0.8878037965933427,-0.9046094576243308,-0.5650093715144976,-0.2266598643409263,-0.5047173224348172,-0.780546950743289,-0.06167819589660676,-0.42171547358694517,-0.6692038685553289,-1.1572932785671406,-1.596372982002494,-0.8181064762764504,-1.2229829572122475,-1.255662229118829,-0.5437103315015077,-0.6640864829618643,-0.7244059212380602,-0.34851402312608115,-0.03804849233932562,0.3753872169787636,0.9035494931636532,1.0396263389615128,0.9972064553074498,1.2710204189399514,1.2582505475315746,0.9227104342596416,0.9048028010266278,0.6658839963954966,0.655268611346764,0.7604571194909817,0.6359741003042559,0.7995112246708308,0.9053210887374591,0.6190493327351554,0.5056710353218399,0.31501609876497905,-0.601625050666257,-0.8587004165850873,-0.646018114313933,-1.287254430974902,-1.2208216710528699,-1.2538516440536145,-1.0846799891818502,-1.0259921693688092,-1.1978472200763677,-0.9206919815591997,-1.157720156291408,-0.9758364157824313,-0.9695158606777594,-1.0268750666204924,0.31045824180301657,-0.08604423945434174,-0.6645975707298808,-0.45680446442590894,-0.865982531966258,-0.667933995910336,-0.9131763064627971,-0.7585976843649432
-0.32545885833459104,-0.7597290627107295,-0.6389904199461456,-0.7907083343725464,-0.27663227160807147,-0.013141255730728316,-0.09001531718723423,-0.5184395350413674,-0.46578685196501607,-0.9020085753600414,-0.5671372128389907,-1.2909045113772568,-1.298404323948347,-1.288589629606186,-1.2463337298737134,-1.1261448379332626,-0.8791124281594572,-0.7058072077262986,-0.6465332405217576,-0.637521007608108,-0.23259569401748012,-0.049922541062794645,0.1977340128039981,0.3437001827706759,0.4618490525038144,0.8994453339915227,0.7448533810440379,0.43022519591655506,0.6682011830129381,0.6138760186283223,0.6122388381534005,0.8723177499345077,0.7988300084616418,0.884490666760195,0.9893571876426194,1.1088989382406276,1.1174200696428367,0.86652859635284,0.330625750076734,0.042957792343748954,-0.2547558191972732,-0.7720514860755042,-0.8198998571210342,-0.37148369021540395,-0.5160508515207537,-0.5161329237176334,-0.9554808686423301,-1.0935562777191228,-0.9863182364313963,-0.8324634221001382,-1.2555614191843985,-0.8380331969096338,-0.8708842943414128,-0.14266800060169868,0.5818357341539276,0.6875930677671622,-0.5671926181370882,-0.9393002119280394,-1.1445366038877427,-0.8346062647811682
-0.6034427558573189,-0.5039116204563631,-0.3675576454219305,0.12878436969640392,-0.5349332322604531,-0.4526337251200526,0.2848752955565809,-0.6329639464066215,-0.5720395589485203,-0.3274600013959791,0.19585286923724107,0.302091317900497,0.19458375427018867,0.03407719676570149,0.036435890028990066,-0.7876131740758167,-0.8830583351789625,-0.8423835425683608,-0.9841113114269293,-0.9238938138461582,-0.732432350636738,-0.9182319320379053,-0.6592412648913919,-0.2281393894609472,0.276171236710957,0.40223614027319515,0.7547512308589693,1.2931717008920527,1.1938404533028109,0.5222867480471926,0.4999872559098434,0.29537682196229686,-0.16015727476425373,-0.23334836251482516,-0.6367224839975838,-0.9627332248127839,-0.8262488117274202,-0.8047649184728738,-0.46253716081608254,-0.39619756219002455,-0.2966144897000957,-0.07670354791401615,-0.9185337193095743,-0.7482419967218986,-0.3616898095106648,0.16143332784523604,0.7697999837459388,0.894383128119993,-0.037894279872665144,-0.35706875883779754,0.22667465671363998,0.19010587151615174,-0.7084496956215537,-0.3408511646174472,-0.01368240040166971,-0.7913206661438837,-0.4090097225804689,-0.3327169055355259,-0.4967277710978952,-0.8156041196771121
-0.8628943935451981,-0.310561228054807,-0.5987781570536692,-0.33717477087907766,-0.6163157267125734,-1.4810816899258399,-1.458531934504258,-0.7852696068820623,0.17521308524694362,0.5749336932323125,0.9488036081282597,0.6989484915448301,-0.17021164767473015,-1.059828537146962,-0.9336364264071264,0.3508000332759376,1.1155435702004657,1.0566966176995078,1.1725725810110692,1.4288036692028425,1.4206813910128355,0.7321957573534514,-0.29927940083589666,-0.18388473364332544,0.08149581750963517,-0.09053368564407592,-1.2889395852762469,-2.2639587550191544,-1.8581072644629637,-0.8879118703476947,-0.611303408301371,-1.109611262488132,-0.9691833991590082,-0.31071770531260445,0.04197264662211618,0.4756604060661205,0.8175921516627436,0.02154634093393845,-0.272777846410826,-0.5101555972272696,-0.5250930661946682,-0.5044745579728557,-1.166182768977204,-0.935867633362133,-0.4072065270264602,0.21009830723925435,-0.08365119689619405,-0.16400298704783817,0.18492821594535003,0.33715836846593805,-0.38875669643700755,-0.4603494574879166,-0.05871130074211767,-0.9920244178120503,-0.05523017723112998,-0.632865623224843,0.6631187917477286,-0.9073747747494861,0.16650508152028215,-0.16953118613920046
-0.2930274036236062,-0.013099085898566967,0.14012217359558293,-0.12179810145752172,-0.2076340697899696,-0.7871462119426962,-0.7303152132895022,-1.4381768180674794,-0.8803465939662293,-0.39302902552882507,-0.9084748811362525,-0.5958079787817716,0.9312503310425778,0.45012428276802996,-0.7128193371084813,-1.125251614545776,-1.4279880945726426,-0.22444450596306462,0.9525822579875146,1.6259907263233921,1.4001042831430306,0.9945328381985541,0.07277524700645761,-1.098480953874176,-1.4190590418383695,0.1274392733877982,1.0908477832703407,0.16861984649366724,-0.6678519176265284,-1.9570670239153587,-0.9779919102969903,-0.1562430677536817,-0.5188223393572057,-0.32593790389577415,-0.17508920525847632,-0.6095159996935123,-0.4630358540630792,-0.278147082234465,-0.8120665791756287,-0.22442667035339658,-0.22626866843840782,-0.6488252691861266,-0.2536421447004945,-0.791945960276652,-0.6677732432400717,-0.2967661704492128,0.20121541521585037,0.3594822871723064,0.7219875648400533,1.7859801993606907,-0.8828353884030202,0.13764979659646895,0.2956914601012113,0.5509730734534222,-0.4707079455257329,-0.5976533914650562,-0.2508268270238497,0.2579036822677108,-0.3270635529862684,-0.8536084098852242
0.0868839229907884,-0.048794542957315765,-0.5384597627149548,-0.6353886208473858,-0.5455483402324688,-0.6554764032997407,-0.42177692138530065,-0.40627645174550014,0.7317334111687404,0.9511359691945158,-0.041744919479480114,0.17325191483359934,-0.18043220850508343,-0.469456426012817,-0.9940438600313534,-1.0801438334776994,-1.2160928876252086,-1.0277652535499495,-1.2445954284229612,-1.529378498783113,-2.0755563006839957,-1.6721217066903313,-1.0046917884026567,-0.4862915483970744,-0.1090897819605669,0.17538444563920802,0.6312432788204753,0.928855526360179,0.957238835289121,1.4018198941805569,1.8554251115007938,1.8980936556614476,1.4077487266454154,0.8980197321674569,0.8970305318947976,1.1404294875605199,1.5694554842331305,1.423786015790574,1.279422322103017,1.6250288543730143,1.5405160490348893,1.2435773473293152,1.8084442115577612,2.7292371723330486,2.5790859395533348,2.3476139406226713,2.978664883308283,2.993216610740946,2.578841696656846,1.672790993822038,0.9374545293665004,0.7146666207129813,-0.5607818786035,-0.5107224480595176,-0.0829286951174369,0.10659124373067985,-0.0926439314672303,-0.5561949657853994,-0.3887596322995872,-0.8726105549892808
-0.6822048601554251,-0.46821616339761424,-0.852618066562426,-0.8818292329739738,-0.9719218437750988,-1.5967376029230305,-0.8862431672625936,-0.42752840436998024,-0.7915123635373978,-0.7798862679126158,-0.8206306282656337,-1.252729873431509,-1.6946476053712758,-1.3320088737839992,-0.8138368101439534,-1.0091325741725095,-1.1450665612741133,-0.9616418407157523,-0.7645103518069563,-0.887015318430483,-0.8465417670056555,-0.22192834586367294,0.38355979032872717,0.84134812613158,0.901504673599237,0.19181010650311722,-0.09388180544733674,0.03254994998176309,-0.23813222220706998,-0.9541875234315274,-1.3526315660348618,-0.8376181942727534,-0.756658826930162,-0.4942056548985949,-0.7124680260600822,-0.5712289040907857,-0.16153990872287408,-0.20872927654849288,-0.17040088659545574,-0.21664417039963343,-0.15417873590576936,-0.4305388278392291,-0.6850765922590011,-0.2720194972976892,-0.09716511786089725,0.03715045739282018,-0.44318042911825,-0.46896169819789113,-0.226436391718678,-0.6966363754537552,-1.203553135819555,-0.7331210470702679,-0.5312483151998894,0.09798298427456767,-1.1077738569107907,-1.073018520222178,-0.953861918386602,-0.2848287497676959,-0.6355439495528624,-0.3595526371797627
1.5879969696135185,2.03938969497949,2.758945794468103,1.4396827518487587,1.1900218131920954,0.27866750936987567,-0.5130113625397688,-0.4830196140005672,0.358978012898742,1.3363539859749858,2.6973225462196244,2.2283199242463376,1.9485892321562093,1.6146672945222103,1.7466261747350478,2.2551522953975076,2.295764359734497,1.9556601588501425,1.153493774235575,0.6694077125820995,0.3173742799573024,-0.902423958730166,-2.362308314873998,-2.7402419108730083,-1.687760198172967,-1.882262530150478,-2.0837799595448816,-2.2200652400153147,-2.5640753355092163,-1.5258150312795855,-1.4588028542402263,-1.179698213512914,-0.8708012376328458,-0.8962725674706615,-0.4543302334590303,-0.927073674986715,-1.0426753617019242,-0.6147037539395571,-0.7531222689789006,-1.65029184045356,-0.9500748458830461,-0.6282875663712304,-0.6595311315482999,-0.39484270521880654,-0.8504997758759462,-1.1517724238025795,-0.5614919656002685,-0.296097402037968,-1.1634335536200748,-1.0663877802133532,0.8161018681818658,-0.4498582425039801,2.2744402081431305,0.02720328284037187,0.6372327699265413,1.8319905999602335,2.649192924847504,-0.3167541869462492,0.5058335177435355,1.2176254064569039
0.36950088547222837,0.12373349949330346,0.19038750221117837,-0.5877572420330033,-0.2978624875521028,-1.3903362812665057,-0.3902595689864844,-0.3838438350863267,-0.2402175805820031,-0.09796841693101846,-0.016646561516446147,0.1947251486780821,-0.11046067666651053,-0.3968750029096072,-0.7930241649456903,-0.8005649131943733,-0.623812243997465,-0.40195438208343937,0.10844239902279519,0.4063661993621298,0.638377162726257,0.632454973387953,0.5677731966818756,1.0027474591134948,1.085546561499646,1.2235191834686472,1.2582505475315746,1.0982844942750023,0.7734995607595709,0.18676625431028865,-0.42889458715559065,-0.5679458860250826,-0.7633449932474741,-0.7948045769161969,-0.8609443622422931,-1.2194819835604798,-1.0948012167054175,-0.7693379003986535,-1.0524973181359676,-1.0638248796521284,-1.489005228606885,-0.8899965793839085,-0.1046269572214052,0.23961828293813064,-0.024602234864701585,0.23779991089431093,0.3287161972498702,-0.03680095779808341,0.07066026937200884,-0.06277682443730086,0.02730957048174009,0.0012640018052932106,-1.1957534917811306,-1.1902075818277988,-0.45685868658257944,-1.1786552155015384,-0.953861918386602,-0.9552629305173161,-0.8206321874928189,-0.7585976843649432
0.3787670153896526,-0.2986627423685574,-0.817432336531509,0.06665648428633965,-0.009485387645676802,-0.6305658989618842,-0.3703538727346003,0.18523622963586325,0.40862067107955957,0.4733017058264016,0.5806943580037619,0.4229776713953639,0.00668267438907731,0.18377638191607198,-0.1640761795640326,-0.5008884666925972,-0.7844106596913302,-0.9592802902573881,-0.8287553133979056,-0.8877679407859048,-0.9561616325666156,-1.1004000053937588,-0.9329412712672946,-0.8867527966290835,-0.8325788923957316,-0.33469891470218344,0.5413019478934888,1.0925783373245028,1.5250827185219764,1.1868842692489603,0.1992465584823135,0.1681991757318978,0.45067177665303737,-0.045632579989065385,-0.7282954527597088,-0.8598835758407537,-0.6519399525957387,-0.7521031348490329,-1.1486696137201031,-0.529055954257837,0.44753965257230316,0.9407929286868446,1.0364036211899075,-0.09042199356155863,0.008380893769932809,0.3890356930111061,0.6388532346299185,0.8699211994181171,1.2761871057207577,0.16360158664000415,-0.10271113793036851,-0.2819988027609946,-1.240053836886547,-1.2468313429751559,-0.4845572044688863,0.15940959137036004,-1.235075954931703,0.14616465214277424,0.45956145825854633,-0.2835440567635378
-0.23743062411906063,-0.26296728530980856,0.8061377777522217,-0.030677202856094186,-0.9506916278310674,-0.3547710295070451,-0.8563846228847676,0.8098075039886403,1.028718436425912,1.3994641717028498,0.6124856114236047,-1.2455721288166817,-0.579034080888863,1.3846101052218576,1.6420553232510915,1.4061434655914322,1.3957029685853408,0.8772187828638295,-0.17345670517021983,-0.9935113817226882,-0.7634850770584435,0.2056396940789911,0.7116773237454945,1.3806475102620104,0.5710472393247238,0.016011141581280097,0.27965443974225423,-0.370831452903528,-0.6337471798948253,-0.09122329056912125,-0.08980126579484582,-1.2126530050543676,-1.1678580554448512,-1.2552155840570804,0.2752387686951836,1.066107478449345,1.1883112324475875,-0.5462434352285641,-0.6719445786202486,0.9735224296722766,1.1498351243418798,0.7013819930160539,-0.05424563193085597,-0.5711655926638461,-0.144001160522078,0.2086009232578999,0.5044605184318977,0.9433069855237448,1.1562057618187493,-0.1759660299759535,0.686081159769757,-0.5128055324075996,-1.0480856747630771,-0.1568239408885378,0.1802072248024783,-0.9321695931830308,0.9267569510087607,-0.1411642824642059,0.4287134186018871,0.4385374571905986
0.19807748199987948,-0.4860638919269886,-0.10617793662083437,0.19298318462013705,0.6964192924933663,0.7982294569880243,1.4277940220189194,0.3410838822153844,0.7291206396855393,0.5782121444389549,0.6810877898558974,0.6027165917232583,-0.26298289213486037,-0.542037849116027,-0.66662541727819,-0.3785168626069242,0.17957442517381156,0.6221713333604972,0.6410915351223047,0.090264810084913,-0.568937875380289,-0.5490028412071367,-0.35692167021992327,-0.666781125065022,0.1109425195737006,1.2967687521860793,1.0706217423441766,-0.3857552480048339,-0.5587167568850786,-0.8497113203063187,-2.158972098484413,-1.1978001412610364,-0.988764314802565,-1.1161198803386685,-0.7972578119509387,-0.8940416709373038,-0.804564456045967,-0.10436319627579013,0.20549835474683725,0.6922406456291257,0.5300942527306477,-0.01919798003230674,-0.8802155282435228,-0.9019593857765486,-0.5252861275384513,-0.6306827982912455,-0.7648040234383002,-1.308821250295631,-1.1891438415990767,-0.5909931169510128,-0.5101093576216423,-0.38691095260036057,0.6353274392427347,-0.6664377912147488,-1.0662260800813304,-0.5272289279454826,-1.1120448139432213,-0.5561949657853994,-0.4196076719562466,0.13450313552569923
0.24904119654571308,0.7305562694920332,-0.11874426877473322,-0.5732607354373216,-0.572086110162508,-0.011361933992309947,0.155488269919335,0.6303465707152527,0.8292768798749081,1.7625526428384841,2.512431309225274,2.336481398425956,2.284295345583968,0.6555556320869366,-0.08488660271210471,-0.2592715403774544,-0.3736417389608299,-0.6483428132394367,0.19020871377491294,0.8760025491454237,1.006894458212761,0.9106000275407954,0.2319969002000977,0.04042562966756189,0.18128741894896816,0.7604931218184544,1.2582505475315746,1.249717121038251,1.0919525493293478,0.09287574577485895,-0.07670524786643072,0.4355507240118606,0.1574356253080673,-0.493782871604618,-1.1676949654207693,-0.585868087703593,-0.8220787433271407,0.3116648943525527,1.4821080203233457,1.1119397502784913,-0.36405345884353185,0.8944363994760787,0.935640970608809,1.6366380834642131,1.9095284282702578,0.17490978367742568,-0.39493688997024257,0.6856413365306517,1.0905016925390782,-0.4400741762328094,1.440201268559987,0.09568493666072247,-1.3138877453955735,-0.5531902689200352,0.09711167114355776,-0.7208962026243101,-0.3914338452964001,-0.4125304984819092,-0.7280880685228406,-0.16953118613920046
-1.145511356026638,-0.941180969426036,-0.6942822814233005,-0.40965730385748594,-0.8038493008848504,-1.3333979856371196,-1.3225096767830506,-1.2327412760308383,-1.1947500957780737,-1.241328275247519,-1.4639852040514039,-1.119118640621393,-0.9626982105205878,-1.1077841202687257,-1.2635929966234924,-1.2275256924129991,-1.1012669933576047,-1.1560761617877373,-1.4529048493390704,-1.6934501722650972,-1.5760937732987343,-0.9532353015050425,-0.8664309604395718,-0.48195285665024873,-0.07759817003094113,0.1762723191994197,0.2486698664085555,0.6962198968398264,1.4057161364610158,1.5532413515734806,1.124386682139629,1.2886620881413247,1.6718522961792397,0.8367161545408013,0.4327593487057525,0.2587001976506698,0.15580229653839295,0.466299040811649,0.6082844744244799,0.3075627907716937,-0.5669517366974908,-1.369992033743484,-1.1959858064730216,-0.6638481360644437,-0.30627815340447917,-0.7317562170326681,-1.0129136533423388,-0.667918718306482,-0.8463400018790533,-0.9758364157824313,-0.8741673411755464,-0.7331210470702679,0.1775572064867683,-0.7655293732226232,-0.49840646341203976,0.17701570725025334,-0.6550720045574323,-1.1787409907671895,-0.4196076719562466,-0.5875783784284373
-0.9926202123891377,-1.0482673406022824,-0.852618066562426,-0.9791629201164078,-0.6092389880645629,-0.2996120556160774,-0.018686572284649983,-0.3743985228087799,0.24488699146563497,0.28806921265111185,0.19250642150883668,0.3792358987491949,-0.4107879256815083,-1.4227356526630115,-0.9762769677889336,-0.3785168626069242,0.09986710337980455,0.359252048995951,0.35140516285765916,0.20654496399760325,0.2593842486878527,0.6117540559611516,0.9845711445356068,1.3060220122166089,1.2908555120018808,0.6131061108233787,-0.43944586637733823,-1.7262631962221127,-2.6766209700238366,-1.5281162692338852,-0.3568664885493084,0.22528987093751499,0.5504866881043384,0.796974524906969,0.5183028215823057,-0.012312381027453733,-0.5022344970257061,-0.7597630306488644,-0.7096896193602588,0.030172256705424075,-0.21638537123635265,-0.2480466685411509,0.1614715918483973,0.13035837405124728,-0.18028260202017585,-0.1575094601832528,-0.12500280188020055,-0.12323310587804495,-0.37784142092835493,-0.5381714876996415,-0.6141259243513292,-0.5652616073272826,-0.5460150969016946,-0.35500710490428655,-0.8030901601614151,-0.33356165326665516,-0.7429513909777763,-0.6519712773210594,-1.0519924849177644,-0.568576233324381
-0.4412854823023944,-0.613972613054172,-0.3449382475449125,-0.4821398368358942,-0.5331640475984505,-0.6109933598392827,-1.023924233004791,-0.25160946320067257,0.6341899424625724,0.95687325880614,2.1284264323908553,2.2553602927912424,1.3715206437347214,0.3477326323188586,-0.12600426761599032,0.10427037832961827,0.1783906530679599,-0.1866596986292376,-0.3373786980780368,-0.22508395683688195,0.453183191898014,1.1808410950397676,1.398144350046176,1.3073236197406564,1.2630447378302632,0.9243057936774394,0.49955884215225554,-0.00519847292153968,-0.8042708685533403,-1.180629338134623,-1.2048336494141785,-0.21751113090117336,-0.04888036391184659,-0.3246695540138435,-0.914832981719593,-0.7082366481593662,-0.15236575824225934,0.028727493246280395,1.2577059972936961,1.2837106421151194,0.16499362667825182,-1.4069598988102974,0.46304994746083994,0.9321000502970681,1.4068655478784298,1.476136463474406,0.9018953885559595,-0.13791026309917048,0.21635190125301876,0.48807730918414155,-0.32808036584469014,-0.9639277767168729,0.413825713715654,0.4377255511587085,1.1081075739937578,0.8636542265660961,0.5400876507592467,0.7208225213567345,0.5212575375718653,0.02049026490136176
-0.21426529932549998,-0.48011464908386386,-0.26200045532918015,0.07286927282734611,-0.7684656076447981,-0.9259333075393249,-0.4914468582668945,-0.7120684367310752,-0.9805028341555979,-1.2929638817521352,-0.2575907979615722,0.02452988783662485,0.20244572413969122,-0.1927397504318293,0.3521789464514203,0.5991161349972304,-0.37600928317253307,-0.2799409417346231,0.7150705818027921,0.6408080630760659,-0.3766354491061136,-0.6799831914712626,0.18362576505266265,0.5706137611296583,0.38332451366630643,0.8275275756144075,0.7973550191928053,0.853358680553574,0.9325129004336362,1.0202746413576584,0.20672999729855085,-0.9220938570973247,-0.3808007632355505,-1.040441670716797,-0.5296989320286805,0.6584625193850208,0.4618853171189055,-1.114511954878556,-0.8627380037307109,-1.359003985041285,0.21731696480677992,0.5276917063529311,0.133087746614285,-0.8077698091499248,-0.3821393492641381,0.01468969767250404,-0.6269653401582787,-0.5048391936273092,-1.0863026896830696,0.17869348071182442,-0.8828353884030202,0.3160004513233908,0.5614935307337078,-0.18513582146221624,0.2771520374045522,0.19462182313014695,-0.4441614771486065,-0.9233374933387628,-0.21909541418796047,-0.8346062647811682
-0.32545885833459104,-0.4890385133485511,-0.3901770432989483,-0.817630418050241,-0.7206976217707275,-0.44195779468954266,-0.47651758607798156,-0.48183894996587384,-0.47362516641461894,-0.81431000558236,-0.8691541203274992,-1.0348163151578675,-1.1450959114930472,-0.7396926173881612,-0.3691568785908201,-0.677746697414957,-0.8045347854908073,-1.0238293361193427,-1.638631192847452,-1.6328640726536305,-1.516981354327295,-1.7601947008334504,-1.5827268534145047,-0.6212248617233527,0.652843633947128,1.2967687521860793,0.6919214015989688,-0.09956953017979588,-0.37753533768540637,-0.5560733573376707,-0.6964275248360683,-1.1035772865720912,-1.2590764673453225,-0.8387740394897982,-0.2911570010557376,-0.5502085378775241,-1.0489304643023434,-1.3998430734222755,-1.4077143453741454,-1.0588218439675665,-0.41056309273555686,-0.5461367551116452,-0.6325664785758932,-0.9102480685196913,-0.7634243162805113,-0.7467300568462122,-1.0818329949823495,-0.7739204093479443,-0.4778258741800283,-0.5004417525200908,-0.7008063966260681,0.08519372167678595,-0.9447182028504395,-0.7655293732226232,-0.26296906137843146,-1.0906246361020715,-0.5671926181370882,-0.8435239003923793,-1.0982645444027535,-0.9486191354055055
-0.3532572480868638,-0.7686529269754168,-0.5661056934535322,1.0399933557106789,1.611087762748718,-1.0949688726890652,-0.7800794539192123,-0.5762920727413411,-1.0458221212356211,-1.0495388796589447,-0.9344098510313875,-0.5266164475051043,0.04835111469744107,0.11897153985963452,0.2323793301882473,0.5995627466909739,0.806184459871251,0.8280198149812424,1.211898284772802,1.2809133763624303,1.0648844894822107,1.1631512201477736,1.398144350046176,0.9910329913970655,0.6757466244414014,0.34985160022072836,0.26330147048280245,0.3288311762576842,-0.06590329666196972,-0.7111767954574739,-1.4129667914907738,-1.5013555450372438,-1.2399731350101453,-0.6163900268579297,-0.004002259505370393,0.055628445483266974,-0.13568548464114147,-0.4811343209299972,-0.0002896755891086163,0.4593215398700736,0.8120589082010489,0.6820178732191515,0.6326434227346609,0.27729411358878037,0.06841018788496733,-0.3641484496101611,-0.15371919423020491,-0.6418259943578143,-0.6606545886973741,-0.14578224183231275,-0.5101093576216423,-0.15610422295375556,-0.10301164584753375,-0.6381259106410704,-0.8446379369908754,0.28265240252961404,0.012811332237182543,0.48138174251758425,1.246186469503361,1.2556296966650162
-0.39032176775656097,-0.8192214911419775,-0.25948718889840033,-0.6105374666833602,0.07543547613044865,0.8818575786936854,-0.06513319687237923,-0.8360381603738761,-0.32905181101083436,-0.48892372332311207,-1.1703344158839064,-1.6973053445080266,-1.0963516983021313,0.09240155461649523,1.252198944903139,1.9282325355773877,1.725580795415983,1.4526499112185702,1.4256587933390528,1.1909750048895078,1.2545680111184114,1.1876159407430846,1.1599165094450585,1.3806475102620104,1.1783854693960751,0.9900084371330752,0.9789590462319844,0.15281818109228507,-0.8532964290426635,-1.197658498996441,-0.4382488856758871,0.0827952089202432,-0.10762311084251638,-0.4548868085587399,-0.5327136799714665,-0.9240707655276776,-0.43050932054089935,-0.5036352648420018,-0.8544651180890649,-0.9509786303225638,-1.2221562041513918,-1.335958126221656,-1.1519908463601478,-0.6691227523555346,-0.5569499310277003,-0.8215992559139326,-0.9853459166863345,-0.8456754002067802,-0.8263431112287187,-1.4814148671884129,0.21800660948616613,-0.05119207311438977,-0.3983472798836411,-0.5531902689200352,-0.6784468296730343,-0.31595553738676185,-0.5320408635689506,-0.3646423427140792,-0.11112727538965254,-0.24553976655542523
0.6567509129123803,0.5223327699826652,0.7030938540902514,0.17434481899711768,0.7972628182275152,0.8729609700015938,0.5801431232928597,-1.0922422559023308,-0.9447949572185187,-1.5191770150104533,-0.8256502998582403,0.055546781167544565,0.2849964077694677,0.5466834974321215,0.7120854207335797,0.7755277540258468,1.0338632948967064,1.0810993057692715,1.0308443021073987,1.1544728206515433,0.8815611648239502,0.6497684679630962,0.7471494895202804,1.0843148639538172,0.6998765608550107,-0.40706060985940423,-1.2639797900907674,-1.6239913062631648,-1.4130404370642393,-1.5152293366898066,-0.8096145369316549,0.015029017863169318,0.3551551149771513,0.43760872502657305,0.49795327296849984,0.30374383953623035,0.2754832596264135,0.5098646981731901,0.5307261715340482,0.687793502798404,0.437656355370248,0.28065248106517865,0.060708941267298824,0.28407576310589694,0.09215804050190403,0.09105628072157894,-0.31453099139022994,-0.6777034897872324,-0.20358280240400972,-0.6362687991664738,-1.3335738442316636,0.10617615164465918,1.0487973268932846,-0.3833189854779648,-0.443009427639426,0.8460481106862029,0.1709942277938018,0.11423921496422082,0.5058335177435355,-0.3405504920757064
0.031287143486242855,-0.004175221633879716,-0.4303893061914247,-0.9770919906027391,-1.122302540045321,-0.7497804554359115,-0.49476447430887527,-0.24688680706189908,-0.628649607751207,-0.9962640475510074,-1.4338671744957632,-0.9497186847371388,-0.696177431944451,-0.5601832048918295,-0.19808708757095023,-0.596016757459927,-0.5097755311337623,-0.5637205884813864,-0.6461438771181762,-0.26120982989713554,-0.2460643464413521,0.003523463930038305,0.11872782539652071,0.30768904127202296,0.6790184802262976,0.8253078917138795,1.227265974197876,0.9503633487120607,0.28025979131481576,0.21714259530704558,0.48081094394323576,0.09532731274586635,-0.6969609133827331,-0.9956266415552416,-0.8319274132929777,-0.46875461880113517,-0.3496099935754777,-0.04691397777705458,-0.27226079105822315,-0.731400953055677,-0.8111273146306216,-0.18995430915044437,-0.2536421447004945,-0.26297729794153324,-0.3458579077660404,-0.738494444948763,-0.2214898801762155,-0.04006254829166696,-0.3635579276066873,-0.8249174750642281,-0.7528146799909118,-0.7016474021184582,-0.5312483151998894,0.02720328284037187,-0.5676527581278068,0.33547075016929423,-0.672647881841501,-0.34867962412480263,-0.4658797314412357,0.3815310218784299
0.35560169059609187,0.29328692052236044,-0.3273453825294541,-0.6705944225797554,1.1404846426560225,1.5704550914615738,0.25833436722073533,0.3505291944929311,0.00712478649435104,-0.4282723760002297,-0.2115771416960099,-0.19815550018023537,0.16863925370083002,0.43197892699222734,0.43796765470767557,0.3141778743889844,0.539046554650743,0.7626835856331663,0.7945007161334205,0.6889758938230705,0.8677183831660814,0.9008141393026708,1.0006948562514184,1.1342098190423127,1.101087876477903,1.2967687521860793,1.063305940307053,1.2185527253855244,1.0825737464531295,0.6212399800820817,0.1702482330693947,-0.5925459416827875,-0.8268635732619382,-0.8907763846489614,-0.6344614230404941,-0.8546284842874383,-1.1936318377920407,-0.8660440848715251,-0.7732874277304129,-0.51126738293495,-0.9448425120701932,-1.0501906613400993,-0.3586623720667099,-0.34511060875994926,-0.076715578107424,-0.36714321757286983,-0.5798704567042714,-0.7315197329313593,-0.09217155449500214,-0.06277682443730086,0.7554255375895486,-0.17708665292162878,1.2112319256131439,-0.7230615523621056,0.05556389431409725,-0.5800472755851628,-0.23325094973978083,0.5931207726425212,-0.11112727538965254,-0.6445848137406059
-1.0111524722239862,-0.4384699491819903,0.21300690008819623,-0.1859969163812547,-0.9117695652670099,-0.7052974119754535,-1.2793806682373021,-0.21973153426395228,0.18827694266294825,0.4167484225118218,-0.5319995116907433,-1.1779712074544204,-0.19694234523103873,0.2051619797946965,0.5978696848894529,-0.4481882868308841,-1.302902842054325,-1.150959469127948,-1.005136935220331,-1.132370206298037,-1.3344062881370273,-0.8824758019370665,-0.0594391890631982,0.5289623203601317,0.07454312396673067,-0.09097762242418152,-0.0340643652614459,0.6975367022899415,1.5250827185219764,1.7373403879174603,1.823152781605771,1.4585417177775508,1.2635185675148275,0.6807091190633116,0.19723216567559565,0.27634229072251437,-0.2562004614092178,-0.8234359144849628,-0.8115495238230259,-1.308417735341825,-1.0314667051940898,-0.6406101880601681,0.1770827067271589,-0.33531489279078025,-1.1895663382399875,-1.0888822965856946,-1.0680491266543475,-0.8538293764407389,-1.2319943215640796,0.0126826459218009,0.31335512898837914,0.43140381614669326,0.8125288196643988,-0.7230615523621056,-0.6507483117867274,-0.26313718974708167,-0.672647881841501,-0.39656777989263264,1.7551791238382415,0.7235696337514421
0.577988808614274,-0.30461198521168226,0.44171414528915537,-0.01825162577408142,-0.48716524638638253,-1.1536864900568695,-0.9658659522701294,-0.23508016671496582,-0.3987257172295257,0.2733161822212215,-0.7294399276666101,-0.8495102601295516,-0.40213975882505554,-0.8926320446413534,-1.1889720492053295,-1.098454912921176,-1.2093848456920497,-1.4473340516526538,-1.1227246831019477,-0.9893719587678675,-1.2060799608762445,-1.0894849762050816,-1.1727814830399932,-1.5687951392300783,-1.3871584479356318,-1.5612962381340931,-1.3702740902772064,-0.1522417481844041,1.2070560391738456,1.9117742248533816,1.6042621962308352,0.865355470031384,0.47455094207200893,-0.027030115054080116,-0.36614885613253945,-0.6767060988394736,-0.09064874591812316,0.7142881673311906,1.497619680901432,1.6956272468107225,1.177740904677095,0.37923345457668095,0.1302493620908737,0.7437208970438206,1.5071342589277184,1.9425715736663043,2.558256899304218,2.469731336520802,2.0989163210488138,0.9408341313387516,0.15733027889384885,0.8930172754399033,-1.0333188930612718,-1.2326754026883164,-0.3737631329236589,0.8636542265660961,0.5049358961911093,-0.42849321707118593,0.07396096255030397,-0.4355612175959874
-0.6219750156921674,-0.8251707339851023,-0.7922996722237116,-0.5608351583553088,-1.1806856338914071,-1.1430105596263593,-0.5577991791065079,-0.4735743017230205,-0.6495517796168144,-0.37909560790059527,-0.2768328723998982,-0.2291723935111553,-0.314085696286627,-0.21412534831045382,-0.7189108430201681,-0.7291070421954401,-0.5642290480029352,-0.37361577658306916,-0.3615192291000905,-0.39555292033995276,-0.20004645065978877,-0.09659370035231107,-0.27307836929770246,0.12850107212812287,1.08636452544587,1.2337297294110772,1.2582505475315746,1.145250555329111,0.9461547955263174,0.5899431439036049,0.3718333661817826,-0.0508805652197381,-0.6492025825447901,-0.9859026257937721,-1.1692023393921622,-0.5678506309493687,-0.46470388142319086,-0.09861827442591668,0.0317677562722698,-0.5423973827500023,-1.207040573136484,-0.45870482027108683,-0.4757457336574231,-0.39634973844483257,-0.578718795926559,-0.6381697181980176,-0.19162483213221093,0.010492104358876686,-0.32070744764168435,-0.6211769050946534,-0.9955200023601812,-0.8695068418614436,-0.9890185479558556,-0.9920244178120503,-1.093924597967637,-0.6504717391047364,-0.7429513909777763,-1.0510392420529762,-0.7126640486945108,-0.6445848137406059
1.6157953593657914,0.9804244689032751,0.06221091424141011,-0.41587009239849226,-1.0249973836351771,0.40322003105915794,-0.2957075117900353,0.7106317250743999,1.4519874167044615,1.5846966648781395,2.0347258959955283,2.56791514097205,2.2465578902103553,0.9329203560884888,-0.03310880246276705,-0.07303446408648476,0.0027977906999746595,-0.19335075826126938,0.12674247899112645,0.5997901447055698,0.6144328917504843,0.8710800942714467,0.8692866057675537,1.0491714608045293,1.2908555120018808,1.1467181205103694,1.1816497967899302,0.1716923925439362,-0.9654157543356372,-1.3476992136167847,-0.8503057354949443,-0.34468877713157214,-0.38509901301096544,-0.5128081198335802,-1.1337790510644266,-0.03220665619357626,0.4485410982380111,0.08665545523250535,-0.7412299958690344,-1.1416498791897591,-1.0041422952825252,-0.13186194975973767,1.4068128014950727,1.9410587951214615,0.8349380973538698,-0.18296498786627763,-1.026697521670341,-0.8766605098958231,-0.6092340127393706,-0.8777391043155992,-0.07670699624794679,-0.8799980568453803,-1.2252870551847415,-0.27007146318325137,-0.27681832032158493,0.21222793901004022,0.11826659594159537,0.13020193355349766,-0.6201199297245327,-0.30254620186759384
0.13321457257790972,-0.3789775207507422,-0.6565832849616039,-0.11351438340284654,0.24350801902069713,0.04201771816023961,-0.2807782396011223,-0.1264590755231785,-0.39524202191859115,-0.3553268366524387,-0.09528808313395268,0.10565099347133812,0.029482387010634832,-0.06507421158064763,-0.625000126881664,-0.9693841334293529,-0.7133843333402351,-0.7672075196437673,-0.7652890786141191,-0.8516420677256514,-0.8506571885796165,-0.8625276451439667,-0.5238020864785738,0.04129336801692693,0.41890594532705244,0.5585018868703838,0.9135471691941759,1.3304811886453167,1.0945104046592258,0.28065676284571833,0.40644427070687916,-0.036027701426406926,-0.601444251706847,-0.753371814106457,-0.7561818712304793,-1.083975694221418,-0.7274181906407969,-0.7487519304366066,-0.41289984696620613,-0.4384454190818812,-0.24952348538442032,0.19850166980559383,-0.5630260577523182,-1.1114370041941595,-0.5351810661288416,0.12399872831137582,0.6825021510019252,0.27794252483272,-0.6120907114037042,-0.4476201232687195,-0.21539575188752938,-0.25052515780918483,-0.678916132217943,-0.8787768955173366,-0.27681832032158493,-1.3371102584205792,-0.4441614771486065,-0.667933995910336,-1.2216567030293912,-0.2265376214513691
-0.99725327734785,-0.82219611256354,-0.7370078107465565,-0.0824504406978144,-0.9046928266189994,-0.4045920381827579,-0.8165732303809997,-0.6825518358637417,-1.374160404291204,-0.875780965706903,-1.6338174262679335,-0.6753384745020787,-0.9524776496902345,-1.2108238191384613,-0.8595231044816041,-1.0846099504151328,-1.2137253434135056,-0.9128364645762257,-1.6070927571573494,-1.5353994776264888,-1.1331247602469368,-1.7462686291099658,-2.3639206860455797,-2.339346793466317,-2.6374163397390795,-2.4087715513557786,-1.5824323493537829,-0.92784015830226,-0.5186436900503277,-0.15565795328951432,0.46958578571887977,0.7223966560205705,1.197612070958466,2.038266276023255,2.309063099597194,2.1422751558318653,2.037337158744486,1.8029508578822286,1.7820001248330153,1.7400986751179401,1.2527376893279851,0.7717969740956983,0.23952716624220607,-0.33531489279078025,-0.3801603615460601,-0.5213737676523738,-0.4650048873042534,-0.1313870821120036,-0.4835392715086955,0.2315151099631958,0.7727616320444962,-0.9324541317650631,-0.8856510760432181,-0.4257868063384825,0.4433431447223933,0.3882890978089744,-0.4441614771486065,-0.715822151678166,-0.11112727538965254,-0.07452046061891927
-0.22353142924292418,-0.18265250692762372,-0.0157003451127627,-0.2791887444963511,0.041820967552399,-0.47576490771949065,-0.5179877866027399,-0.20438290181293892,-0.08780591072861602,0.06677375620275693,0.34309656928704024,0.5542029893338709,-0.21030769400919314,-0.6385970637801188,-0.8564773515257608,-0.8577312099935199,-0.8629342093794854,-0.5959951114123636,0.03173780851723744,0.2114370093078462,0.5822577776267898,0.7066018958075876,0.5085185561262676,0.8547980705467395,0.8053939099179118,1.0614822587300847,1.2582505475315746,1.2159191144852937,0.8625981880836452,0.1402812476334337,-0.37230108110779736,-0.5883685737409131,-0.6625749151794142,-0.8704827865380684,-1.004898576510325,-1.3283374514505848,-1.2482597338357018,-0.9790275479190381,-1.1264362335581792,-1.1750034504201723,-1.5041208596217934,-0.9674530585715172,-0.29621791255166297,-0.07233759484924698,-0.07869456582550204,0.2842188143162975,0.4964199285738964,0.20455673872709215,-0.13502203446000507,-0.24387955329914487,0.2006705150312181,-0.37641973761642405,-0.5460150969016946,-0.31253928404376896,-0.7476931243888015,-1.0025940567026044,-0.9011342865343955,-1.0191138048744228,-0.6972400288661813,-0.13152689593108793
1.0783598241551842,0.5015104200317284,1.0398715558147402,-0.44486310558985565,0.6964192924933663,-0.19819071652623316,-0.2758018155381514,-0.8301348402004094,-0.20015508450625566,0.7142678695146101,0.4685883591022101,0.5430687199330279,0.00668267438907731,0.5816781121425978,1.2735192155940425,0.32177027318262097,-0.5330563825488435,-1.2466022626916977,0.6702937903909179,1.4291799803805534,0.663069692170023,-0.3371007228200594,0.11187524791730062,1.0222715719742101,0.3146155421834868,0.5065612835980227,0.7728255653036269,-0.38531631285479556,-1.473150037316366,-2.1830485910275943,-1.7679624203360225,-1.7677787893301233,-1.559953951624363,-0.02956681481794169,-0.0778635841036276,-1.03592914287682,-0.6915556023983936,0.2982600767028479,0.5364137804126798,-0.36117631239809067,-1.0442568545143966,-0.3812483410834781,-0.42536440836687367,-0.5372573450782616,0.09809500365613828,0.5185594073982622,-0.1824355865802094,-1.1245413874081656,-0.6835081780120423,-0.18351197701186361,-0.9608478134502856,-0.5337879623754728,0.1775572064867683,-0.8646209552304975,0.401795367892933,0.24744017076982713,0.10069071865752667,-0.47638137283901594,-0.4967277710978952,-0.2645419116594815
-0.9370234328845921,-0.6734650414854199,-0.3449382475449125,-0.21084807054528037,0.33019806745882524,-0.5006754120573471,-1.2926511324052248,-1.2480899084818518,-0.8733792033443601,-0.17501202028711232,-0.22747276840593128,-0.9831214929396678,-0.7590731909004715,-1.3540425200831878,-0.47626585753797884,0.6544959850214037,1.287585116250896,1.342050631418514,0.49352280516491115,-0.7914322792918957,-0.8704860379814282,-1.364618987823116,-1.1107051929341183,0.23566675827471661,0.7481364336822288,0.5078930939383399,0.29945013937211756,0.39203783786321394,-0.328509777196083,-1.0177016909702006,-0.7315061442871799,-0.26346217826179175,-0.4233056776813196,-1.007464573786596,-0.46940397317296034,-0.23077404417242292,-0.9113182070931212,-1.0814786542417831,-0.8115495238230259,-0.7147241674404704,-1.0308853347704394,-1.1223660169467349,-1.151281250229295,-0.9034664190025744,-0.6671135806673791,-0.5326041475125318,-0.9853459166863345,-0.8750297146490313,-1.1948572389277439,-0.1759660299759535,-0.9261756245403898,1.0923503601346982,0.08895651627593612,0.4235696108718692,0.3463983321203194,-0.40398611678622875,-0.3738579680123314,-0.7317848702674428,-0.12655129521798228,-0.41655907249193136
-0.784132289247092,-0.9233332408966616,-0.3750974447142697,0.10186228601870938,0.266507419626731,0.4156752832280863,0.6365425960065312,0.72125770138664,0.5801926651430869,0.16594690520368635,-0.8883961947658253,-1.3115824402645366,0.10495729775785935,0.5538120300583299,1.0029548280166223,1.3114617865178457,1.2244506039388114,1.2460142461117036,1.3248136718114407,1.1247442376123764,1.3301421163856946,1.351341378573242,0.8761391832467738,-0.1799799110711823,-0.726652561359718,-0.7475601202004375,-0.06117586692843223,0.6663723066372149,0.7632681394400601,0.053294452960902995,-1.0046516610798353,-0.7772784351123451,-0.6549335822453434,-0.9229079149912086,-0.9144561382267447,-1.071588692702889,-1.1198216271070944,-1.1829722735895492,-1.2184720863214917,-0.9165132733844701,-0.3657975701144828,-0.364231387322564,-1.0242635428066424,-0.32325862698257246,0.012998531778781477,0.08955889674022449,-0.19736811060221185,-0.8897068718701568,-0.6263742047253719,-0.8928309983874195,-1.0735324274074463,-0.8275419819256973,-1.16621992837752,-1.2185194624014775,-1.093924597967637,-0.9497757090629243,-1.0417413048069462,-0.23694059399986592,-0.8360562073211486,-0.2835440567635378
-0.13087013006868167,0.15942895655205228,0.2984579587347084,0.3048133783582524,0.03474422890438859,0.3854268136749748,0.17041754210824775,0.4874862225173585,0.9573026825517532,0.8093429545072367,0.22095122720027505,0.15734581568953787,-0.314085696286627,-0.5109315249289371,-0.9376974303482508,-1.099794748002406,-0.8578045302541286,-0.8585208040338493,-1.2882041296240905,-1.830427440951891,-2.033279697242397,-1.4553266441841919,-0.6882639459798529,-0.19342985548634184,0.2810790203883011,0.8346305640960981,1.2328604110497936,1.3116069771936656,1.2386029215756709,1.6098518052492543,1.7567372621116666,1.5119191970348353,1.2458479851047883,0.978348558023075,0.9441359685008293,1.058224841119372,1.0048282228352916,0.6022621912586565,-0.06285337325405697,0.5349229679923435,0.8010128701516929,0.6955140779260834,1.2223178074733427,1.813714487522266,1.2914245976572096,0.9722667537486477,0.9317604365999641,1.0020156144082468,1.0276543219237408,0.47298541511232106,-0.36275255475458584,-0.42887581253610685,-0.678916132217943,-1.2326754026883164,-0.6507483117867274,-0.06946991506825402,-0.8484066546821891,-0.2209778754105892,-0.4967277710978952,-0.32154834697165013
-0.3022935335410304,-0.9352317265829112,-0.6641230842539432,-0.09694694729349604,-0.4340897065263041,-0.3280812034307703,-0.6324455400510729,0.6102752821254658,0.4643597960545125,-0.12829409059245975,0.2569255402806239,0.46194761429831455,-0.019261826180280887,-0.6547982742942281,-1.24328797691787,-0.44193572311847734,0.12078041058318269,0.7575668929733773,1.100929714752071,0.7834299994285242,0.7629621976470751,0.8451098524087325,1.1724123860248126,1.1420194641865984,1.1497567312782335,0.42887234707953414,-0.9067965141606286,-1.3206871175866293,-1.094161139272816,-0.1252816122927574,1.0341177014187686,1.910625759487071,2.4684612545561295,1.9659703327531988,1.055304798891063,0.3318961157147058,-0.8454311263687058,-0.7463582129991593,0.18429908529011926,1.1186104645245745,1.2963404711017588,0.5024596714660583,-0.16920020512901057,-1.005191161759328,-1.0569741611287573,-0.6606304779183337,-0.2662874522422225,0.14747890508938188,0.6848504822037171,0.10323401035272291,0.03597761770921395,-0.4498582425039801,-0.841350730937802,-1.2892991638356734,-0.23527054349212465,-0.4391983485460157,-1.1120448139432213,-0.10923884528565249,-0.0957032555613228,-0.5495740882203248
0.3046379760502586,-0.7835260340832287,-0.5962648906228895,-0.13422367853953462,-0.0484074502097342,0.26977090067778403,0.8123762462315064,0.2655213839950104,-0.1992841606785219,0.7749192168374928,0.07203430328627378,-0.13214518873238035,-0.14033616217062045,-0.8705983983421647,0.18973878880644018,-0.15521101573525803,-0.6585362257691116,-0.8514361526587568,-0.9584133267905495,-0.555485170867116,-1.0856103475293875,-0.021317636982123696,-0.27307836929770246,-1.4850583885163429,-1.7515613859784425,-0.6569970170588851,0.4599674428925294,-0.01222143532215382,0.2397604152584186,1.2950424531010485,0.3891388184443306,-0.3567567289636538,1.1909259046411542,1.9537096172278674,1.4939506245664271,1.4046855199558093,0.9239288958698697,0.6731162274070969,-1.0333662700896609,1.6072402830501273,2.543380029831677,1.8374103544343159,0.6759287867166821,-0.26147026471550744,0.25113672052084174,1.315167685478807,1.1706808209520014,-0.41514545505376416,-0.8806203858510557,2.0123586104379956,2.2810018496249564,2.246384008367723,0.7386949111553724,0.6783765360349748,0.23560426057509193,-0.6152595073449497,0.27644949149821463,-0.9871883676958694,-0.11112727538965254,0.0014881197973056523
-0.8906927832974708,-0.13803318560418767,-0.307239251083216,-0.32682012331073357,0.9405667758497269,1.3551571611129574,1.187266858975321,0.44380165323370485,0.15256906572586904,-0.19796117873360858,-0.011626889923839447,0.5589748190770892,1.1757575939841074,1.4604317704278895,1.1430594639854181,0.6482434213089973,0.9758584617099785,1.1649343470412001,1.249666534920209,1.2237140773503625,1.4334017849687148,1.4123149899030936,0.8942783589270616,0.7866806101215763,0.9121382049001493,0.7081085817659876,0.28998263085348747,-0.16189832148524888,-0.34428321839699577,-0.8423473588525596,-1.2941672002830094,-1.5171367128176583,-1.5098077042445233,-1.5410170907854899,-1.2261057068122483,-0.6958496466408369,-0.6060692001926646,-0.03111544268990247,0.4402414848285443,-0.14271042083888436,-0.6024153325401598,-0.671123346528014,-1.0420034460779626,-0.4807435991022873,-0.37620238610990403,-0.4270385768270461,-0.12730011326820082,0.04636959978829459,0.5105918636793721,0.5937205676868839,0.46071193185543563,0.2215795164679615,0.05942295287232532,1.9099433409899846,0.9973135024485307,-0.4920166961856959,-0.022340422330955168,-0.34867962412480263,0.16650508152028215,0.0014881197973056523
-0.43665241734368226,0.67701308390391,-0.12628406806707257,0.4974098231294515,1.1033317647539675,-0.39925407296750304,-1.0371946971727137,-1.2953164698695854,-0.572910482776254,-0.6397324788286578,-0.8407093146360607,-0.6379591415135345,0.6851706741271478,1.0210549412852437,0.3308586757605167,0.9403274690171362,0.9699396011807203,0.953969172760666,0.8575775875136256,-0.05198081508983485,-0.24718673414334136,0.04304339719938647,0.5310917525284041,0.4070450822743304,-0.43504841453084747,-0.9841784239967486,-1.2459054556461098,-1.980406648094347,-2.43277209524216,-2.4085699105489695,-1.535040387180642,0.028025273682334026,0.8212764239554752,-0.12300192278684469,-0.5191473142289295,0.7361628016376127,2.2012208468754686,2.4425521571681506,0.16516803724381254,-0.03486720719388157,1.8306198904363953,2.0727137495421277,0.16360038024095547,-0.5508206441124953,-0.48636603574958276,-0.28403840660770024,-0.5672352440702694,-0.18683412050292234,-0.012183991893663456,0.10323401035272291,1.7089107326116781,2.089015783608674,0.33999180520662736,0.19707456628244216,0.22175500163193856,-1.0378062884623913,-0.6023443727052259,-0.6360085587317826,0.4904094979152058,0.15350528062975533
-0.8814266533800466,0.07316493532674265,0.6377489268899772,0.31930988495393414,0.2169702490906579,-0.18039749914204997,-0.3952359930494553,0.9727391407763214,0.7413135732738103,0.8077037289039157,1.4917647520618942,2.182987541685763,1.7709087131054508,0.7929418972465839,0.2323793301882473,-0.09313199030493473,-0.35509597596915493,-0.5593910793077188,-0.23497612293609896,0.6246266824344942,0.7809204008789048,0.6983215288368672,0.053829885740378766,0.06081748087764221,0.36982810855360987,0.714323696687467,1.2582505475315746,1.304584014793051,1.0105274879949069,0.29262320020807725,0.36388221243953045,0.9168763413145018,0.3417827823425271,-0.5584687155830892,-1.3463187810308401,-0.17034049130929566,-0.1694630386834051,0.39544500466320864,1.5669050981502177,0.9901992152874833,-0.194293295137641,1.0863172229181095,1.651623466639291,2.087994534658994,2.1747127824927177,0.4107477607407449,0.13459338496384,1.5401780458495171,1.207626337776753,-0.515533646591911,1.2755083712379829,1.102841575118635,-0.4426476249890572,0.5368171331665827,1.080409056107451,-1.249079679021112,0.522511773475178,-0.6519712773210594,-0.5738478702395436,-0.9296169903014494
-0.32082579337587896,-0.6764396629069823,-0.20670859385202522,-0.3889480087207979,-0.49601116969639564,-0.9028021249398868,-0.6971390528696958,-0.5361494955617676,-0.2123480180945265,0.11758974990571237,0.08458348226779076,-0.2514409323128413,-0.7889486764045813,-0.7870001520893605,-0.7447997431448368,-0.7541172970450667,-0.4079711300305259,-0.2586869876093453,-0.2513293858865224,-0.5430669020026538,-0.35306530736433683,0.09536026124166673,0.47788350386622575,0.7259389256660169,0.9244076640935099,0.8137655354311324,0.4789024599297896,-0.08332892962837535,-0.44958159614362864,-0.29419247813835886,0.25864635408619596,0.6110001775705859,0.47455094207200893,0.0757062253823154,-0.2044829977006398,-0.5550882657484598,-0.8850467761713606,-0.7942325617481056,-0.28777245163630955,0.29700082654872945,0.883567470310037,0.7553668118437811,0.8973227795427577,0.6563129699343138,0.04730098555880129,0.09180497271225606,0.46540622483589145,0.6481330458544421,0.6991339755253848,0.14850969256818392,0.36536341235322256,-0.09315693305013606,-0.6050822237089161,-1.34592292498303,-0.9138842317066426,-0.5976533914650562,-0.8835584092503268,-0.8754493375709328,-0.8977522866344673,-0.6635869588446621
-0.5663782361876217,0.7365055123351583,0.7784918470136445,0.15363552386042958,-0.9400765198590517,0.026003822514474792,0.24008747898984184,-0.7935342551249157,-0.15051242632543804,-0.9724952763028507,-0.37722630425203385,0.2209702122657837,-0.6765225072706949,-1.2082316254562038,-0.5772833305734509,-0.18826028107226447,-0.08677429864279536,-0.7006905150665094,-0.4962389667392939,-0.788798101047919,-0.1697419827060763,-0.3826427411590227,-0.4282690945623896,0.05908200417891213,-0.20111072591077145,-0.14291822569654272,0.6123082617832151,0.46358426731947333,0.05985792372368508,1.2632853693317119,0.7282321398050757,0.4346224200247775,-0.5436566713929359,-0.13230315525433722,-0.40383320541736456,-1.1016177872932629,-0.10607799899915732,0.4452343273621129,-0.7495028815106803,0.30422743364865246,0.976586738094087,-0.7227609993197532,0.011037212107602326,0.7926994768896649,0.17659484980656803,-0.3903526692838632,-0.9279131319863255,-0.0009234623686655078,0.856252402063729,-0.23633360626323474,0.7034172542247051,1.3231570897813032,0.5171931856282918,1.6976042366873967,1.3158464581410594,1.7967783682004463,0.5400876507592467,0.27386640085698766,-0.034007176248004096,0.8565846494798356
-0.35789031304557606,-0.5604294274660487,-0.04334627585134025,-0.44072124656251804,-0.11740565202783616,0.9708236656146013,0.40596828108887517,0.10140908317263615,1.1785173347960984,1.5961712441013878,1.0558899354372042,1.006731509982419,1.017731999607106,0.26413438606605455,0.10851870998395,-0.29187419402071757,-0.6486714582203484,-1.1749685654546507,-0.5857925495630419,-0.4425918175538242,-0.43761851424753495,-0.967537753545378,-0.8676402388182575,-0.8477045709076524,-0.2604131120120143,0.0786062275761767,-0.1945816687818577,0.3161020569065705,0.6643644000181214,1.2568419030596727,1.9527098161118766,1.195831689433004,0.2839952020286161,-0.2819684413221729,-0.9295298779406748,-0.9995188656859919,-0.8925528992918637,-0.711888681899918,0.1832649745849133,1.2970520706072843,1.7678318846821612,1.3092979963369835,2.152598335021372,2.1678672956383713,3.3225256589779937,3.171923822358273,3.1992067765563172,2.9638622962986956,3.0273433869572104,2.3217424389103125,-0.9435117189953377,-0.5652616073272826,1.3736665243330028,-0.02942047830698506,-0.7338438654456481,-0.9145634773031374,-0.3035544588760561,0.16212737073205083,-0.15739933487464164,-0.4735655078041
0.8003759266324565,0.171327442238302,-0.20419532742124538,-0.16114576221722904,-1.2337611737514858,-0.25512901215561945,1.0031391686453943,0.5016541909336787,-0.08432221541768135,-0.4577784368600103,0.3773976585031866,0.6806564775291596,1.49102258575116,1.8674061785423164,0.687211771594192,-0.636211809896827,-0.7118059705324329,-0.45863159308418,-0.7941019704791511,-0.515219874852042,-0.5984940848660086,-1.4557030245010427,-0.0469433124834442,0.9320267836402361,0.8483370170946742,0.19980096854501903,-0.10248863137336418,0.6237955970834899,1.5250827185219764,1.1578886710247835,0.1538782106588757,0.06701404113982866,1.819903121776863,1.224831218411629,0.015970445615587008,-0.8452443922279466,-0.8237467706872525,-0.5486371526660114,0.9965930442292423,0.8818001087886407,-0.35068193909957474,0.44202014603936374,0.21752968618576912,-0.2584561982634554,-1.0853396517545428,-0.8942223790096213,-1.104806108862353,-0.8733989194022396,-1.0320254150607326,-0.8626472102437788,-0.36275255475458584,-0.680664972150585,-1.121919583272104,0.04135922312721098,0.9973135024485307,1.1981704282840708,-0.16294744060350555,0.13020193355349766,0.5675295970568544,-0.20753547634731284
-0.9138581080910315,-0.31353584947636937,-0.4530087040684426,-0.6146793257106978,-0.9559991818170752,-0.33519849038444355,0.4889086821383914,-0.1087491150027784,-0.10957900642195682,0.12496626512065763,0.6367473574545376,0.5494311595906526,0.07429561526679927,-0.2309746072451275,-0.6331221347639129,-0.984122319322883,-0.9907815968114568,-0.762484418727039,-0.6601609596471106,-0.7244488896593427,-1.0119068884320865,-1.1847091963683685,-1.055078387514568,-0.6672149942397045,-0.1777987534433861,0.27882171540382483,0.7220452923400649,1.3304811886453167,1.4423787295225967,0.5167637769568728,-0.05846436575185265,0.2726333742787583,0.5266075226853669,-0.09890327503015939,-0.7629650541017479,-0.9987681383212325,-0.835422962208035,-0.9555691170320545,-0.862220948378108,-0.313925419821672,0.09057821245101204,0.9777607937536578,0.9271258170385756,-0.6638481360644437,-0.35509318378373794,-0.43078203678043214,0.23108046325985493,0.7198880367132783,0.5477289463157079,-0.19860387108368388,0.31335512898837914,-0.37641973761642405,-0.07347808244392294,-0.18513582146221624,-0.9277334906497959,-0.6856839708645232,-1.0241654275228773,-0.1252015638749292,-0.31163953315793863,-0.9296169903014494
0.23050893671086434,-0.2540434210451214,0.1200160421493449,0.01074138741728199,0.052436075524414746,-0.40815068165959467,-0.09499174125020513,-0.1040264588640049,-0.400467564884993,-0.9216792825998952,-1.5769278148850565,-1.3632772624827365,-0.7417768571875659,0.22913977135557823,0.7537107111301058,1.1475552949140428,1.325465823638147,1.368421278203581,1.1811385758898625,0.9998089266123334,1.474181871474328,1.3423082509688196,1.244969088745965,1.207533709563666,0.9301334117170785,0.8910105351695153,0.3678744054840358,-0.4792484349630134,-1.2570112619416982,-0.7415531364542306,-0.21748744059689185,-0.4746513353232205,-0.6721265813470029,-0.5195726525372111,-0.8029104643436624,-1.2239863477490358,-0.9930515477385987,-1.0307318445679001,-1.2386372450730039,-0.7697575599706521,-0.9785619966419113,-1.2009960791523377,-1.4904682007769363,-0.6646016526774569,-0.5754204830630956,-0.8702642353079508,-0.384598988724241,-0.43471499801526503,-0.757782343284714,-0.24387955329914487,-1.1255407107722897,0.19010587151615174,0.04465617117052004,-1.048648178959407,-0.7892409012182617,1.5150805141221517,1.0146363374291048,-0.9871883676958694,-0.17282335470297136,-0.30254620186759384
-0.5756443661050461,-1.0066226407004089,-0.4756281019454605,-0.19220970492226117,-0.23771020904401394,-0.1999700382646515,0.2898517196195518,-0.28112606406800594,-0.12438471149342878,-0.15370208744393749,-0.06517005357831178,0.13110075210183628,0.3463197727515879,0.5998234679184005,0.6476169831682282,0.7500708874824767,0.8002655993419933,0.9295664846909023,0.9167608248580155,0.9362123375791793,1.0779790126720867,1.2873567247085826,1.398144350046176,1.3342235085709755,1.0356507607799796,0.8488365410594788,0.907092049749655,0.9477297378118301,0.5918918323382524,0.07906831804906043,-0.6234639963777562,-0.5257080546127968,-0.9438714838148985,-1.6336066321664389,-1.0384376473738193,-0.7589107452806219,-0.5005664696655943,-0.22213409419819796,-0.5219985263654137,-0.2672304200990934,0.2417345226000929,-0.1758713129345154,-0.4338795619371074,0.007535166130129903,-0.4744921094411144,-0.6733582417598463,-0.2456116497502193,0.003968923371709815,0.3191930531690259,0.1862394277477348,-0.3020762241622684,0.43140381614669326,0.39905893201384873,0.11213892456140702,-0.4153109097531192,1.303807123563431,0.1534183505097331,-0.6519712773210594,-0.4196076719562466,-0.7015912490527746
3.714573785662386,2.6729840577722808,1.250985936000241,1.4500373994171027,0.9051830826096746,1.2412805698541853,1.2519603717939443,3.47810822239559,4.470609403629261,3.109996088768467,2.084085999989495,-0.03273206908199645,-1.2779632022876404,0.00037867889635414734,0.8100571408132083,0.448161382511984,-1.0073544062933792,-1.384359372762942,-0.6609396864542738,1.280537065184719,1.21678095848477,-0.523785359978124,-2.0902206796696765,-2.26211808037282,-1.6795805587107269,-0.6525576492578286,-1.472695318796933,-0.36424742565295215,-0.4060980555357073,1.209436401201098,0.2525660600480029,0.4689696675468559,0.3962272794977825,0.9204272467482344,1.742667329846273,1.7252461047080494,2.021073891983396,2.7905986725729894,2.3073283630775405,0.9373893941726626,0.4516092455378556,0.9525287588667853,1.4955123178516736,1.7639823910634087,2.387124130899763,1.9747653292654237,-0.3891936115002416,-0.24391195414063285,-0.7149318633197111,-0.36461470587370765,-0.19805965743258153,3.389926441616811,1.5508679047546672,-0.3408511646174472,0.4433431447223933,1.4798682823623652,0.41705650977076514,2.0457281642666985,1.5083948065849662,2.2817455322840523
-0.1030717403164089,-0.9173839980535367,-0.21676165957514426,0.5367574838891588,0.49296305636306575,-0.4455164381663794,0.37113331264807786,-0.1654209886680587,-1.0815299981727002,-0.837259164028856,-0.9285535675066796,-1.2431862139450724,-1.5185394802944188,-0.6061946427519,-0.24580388387916327,0.23914710984010443,0.426982795296793,0.9228754250588708,1.1554405912534829,1.0449662679376501,1.0098874920847327,1.1947671667632525,1.398144350046176,1.3507105372089132,1.1170381734292718,0.6961222887031354,0.059750037332253404,-0.5126075063659321,-0.6218105216887291,-0.44193195480440317,-0.4766015096091026,-0.9234863130779497,-1.1883941377051666,-0.6781163877785623,-0.13363642104516868,-0.017942836263148822,-0.27705080341061517,-0.476825629542592,-0.04268821450254462,0.19916368427285078,0.46149254273991075,0.9372721796328621,0.5552974444717048,-0.14090760663342902,-0.7475924145358869,0.01543838966318137,0.8123002444239455,0.445914435252268,0.29633946385435744,0.9106503431951112,0.78142967927197,0.8615436304880933,2.2744402081431305,1.0039631626322763,-0.7615423833319548,-0.26313718974708167,0.7334223008840036,0.0025001848392842345,-0.034007176248004096,-0.01751402530675062
0.2258758717521524,-0.3611297922213678,-0.07601873945147715,0.07494020234101498,-0.4163978599062779,0.10251465726646239,0.8555052547772548,0.43435634095615816,0.14821444658720082,0.5683767908190281,0.7915205648932466,0.9144761349468628,0.36754709139924463,-0.6081387880135931,-0.6788084291015637,-0.3847694263193309,-0.43322493495535974,-0.15635313441356388,0.2509494047336287,0.5011966161452949,0.7143253972275369,0.45329794256690725,0.6737866012133373,1.0600181901715937,0.8041669639985759,0.7702597309807786,0.9574419814169157,1.310729106893589,0.9180183868976627,0.10254094518291786,-0.5444201738812514,-0.9137391212135759,-1.2471368846358364,-1.2412637353558418,-1.0991094497223877,-1.4000319147851021,-1.1973848993522924,-1.1350979248406028,-1.2184720863214917,-1.1499882719973624,-1.2058778322891834,-1.0713151556639928,-0.3650487372443853,0.07987276097937689,-0.12091297047783395,0.2580145946425953,0.4642575691418914,0.15237129082975698,-0.06646126651600044,-0.5004417525200908,-0.2847401297073207,-0.12463057800194581,-1.0185521113594664,-0.751373432935784,-0.4153109097531192,-0.6504717391047364,-0.6023443727052259,-0.8754493375709328,-1.1599606237160722,-0.6825891039487184
-0.39495483271527304,-0.5990995059463599,-0.38766377686816855,-0.6250339732790419,-0.0714068508157681,-0.35655035124546347,0.06425382876486668,-0.02137997643547116,0.3398176886886018,0.6175535589186626,-0.04509136720788474,0.5040987770300775,0.24411416444805456,-0.547222236480542,-1.1224731096694158,-0.9135576717114364,-0.8554369860424255,-0.8604887627491529,-1.1402460362631157,-1.542173078825286,-2.072189137578028,-1.5449051595947147,-0.8861825072914409,-0.3795597314251627,0.03364492665552855,0.22066599720998473,0.7362465551180104,0.9178821476092192,0.8975555442586407,1.491568174398247,2.1323123477015677,2.2619888185980637,1.6799712124216901,1.08531273139924,1.0293025978845338,1.1539425801261882,1.4030697550619797,1.2567045386567515,1.3047580343805583,1.682841711172397,1.6823704324055653,0.9865626663886133,1.7261310603788356,2.721702006202919,1.9893475995660723,1.7778593357173191,2.1125784900321483,2.1011716107458716,1.6018507534547797,1.5973315234629364,0.78142967927197,-0.009227213178643313,-0.8708842943414128,-0.02942047830698506,0.13865944797301802,0.15940959137036004,0.06553896408938896,-0.9073747747494861,-0.4967277710978952,-0.5875783784284373
1.1107912788661691,0.5461297413551645,1.9873730002187133,1.3920513730343762,-0.9170771192530178,-0.02025854268440154,-1.0853001297814333,-1.0355703822370506,0.519227997201732,-0.27418516928804176,0.2527424806201183,0.32117863687337084,0.2849964077694677,0.29653680709427327,-0.04732231625670294,-0.612094778434687,-0.4174413068773386,-1.200552028753596,-1.4809390143969394,-0.8279344635298603,-0.18620366900191995,0.04944186258585252,0.008683492936106168,0.2456457492924155,-0.12667600680438368,-0.7351298903574792,-0.0857053208176106,0.15632966229259238,0.5556555484983177,1.0966757414404098,1.7254003620686738,2.170086723876827,1.1694346557640796,0.8523591364179476,1.3688385849408078,0.36230057398745924,-0.7953903055653522,0.21160750546725512,0.27168143988000565,-0.6057691680877872,1.7085321014698296,1.63262011779435,0.06993369096838509,2.3321339172752027,2.738724282144965,2.5871953776393766,2.4135262818601952,0.9057986948475352,0.062090173379008406,0.510715150291872,1.8822716771611565,2.172945503480167,0.6057938758391239,3.2406017279528694,3.9333563983970574,1.6031110935216188,0.9267569510087607,0.4175308681604777,4.377262494654291,2.6807905794692326
-1.2103742654486078,-0.20942409972168535,-0.6465302192384849,-0.6333176913337171,-0.5844704027965263,0.33916444847609845,1.250301563772954,0.4072010681582114,-0.28463469579641876,-0.43974695522347784,-1.0440060141366356,-0.12180622428874044,-0.16077728383132703,0.2174748997854197,-0.03970793386709449,-0.5562683167167705,-1.420885461937533,-1.0604333682239877,-0.746210271838625,-0.5776875303520635,-0.9153815460610023,-1.6009858268055042,-0.7741227108665499,0.013525740837242345,0.17515268935228762,0.0324368024451888,0.011121470850198453,0.6791014259883287,1.5250827185219764,0.848602289966897,-0.1202027359858092,-0.332156673305949,0.8785864209610068,0.4371859417325962,-0.4848545563797386,-1.086227876315696,-1.0952182235454455,-0.48831547324233915,0.11863305550955339,-0.6118839894800298,-0.6082290367766628,0.05591133311931377,-0.18977849292374208,-0.4717013997461314,-0.825432598113624,-0.7946463442495533,-0.679803502082287,-0.811428700024154,-0.5149629568163642,-0.9079228924592398,-0.47543716871174657,0.17961465653221523,-0.4574144066908624,-0.9920244178120503,0.30485055529085914,0.036166780211106364,0.38190475520262746,-0.9712256491065928,-0.8052081676644891,-1.0056255707176742
0.054452468279803524,0.7008100552764093,0.5573244011050247,0.8018364616387662,1.504936683028561,2.2430387085836974,1.6301686005797398,0.8464080890641341,-0.20538062747265742,-0.9134831545832894,0.19585286923724107,0.9876441910095453,0.10102631282310807,-0.05016909790766687,0.06080191367573695,0.30345919373914443,0.6590021280437037,0.0742916270200054,-0.23614421314684336,0.31191209375667567,-0.7960343204161346,-1.602867728389759,-1.2058350920574072,1.018366749402067,1.0336058509144197,-1.0916111247823157,-1.8526866834310445,-0.1561921645347498,0.6844009334354966,-0.7576618021343289,0.04396520304539298,1.1740165457365492,0.7334010952136601,2.034884009671439,1.503748555380482,1.2474081370387267,1.6853833857608993,0.5237482593103846,-0.12490001556640253,-0.01819042157867496,-0.08034469210217984,0.030679298232441383,-1.385447973410721,-0.21324520148267598,-0.2930849019506254,-0.02573966982406488,-0.036556313442186635,-0.3189285354930522,-0.20643950106834333,-1.0437499391056229,-0.07670699624794679,-1.058348711572302,0.6648610026463453,-0.49656650777267836,1.662077931719895,-0.12228826270793436,1.278274496690137,-0.44445593566046265,1.8477232428082198,0.11550099042164295
-0.3717895079217124,-0.7359320913382303,0.2632722287037917,0.07286927282734611,-0.2076340697899696,0.7092633700671084,0.25004032711578367,0.8558534013416808,-0.10783715876648974,-0.3225423245860157,0.0711976913541725,-0.49162302938816915,-0.8974438606037166,-0.6398931606212476,-0.5361656656695654,-0.6022693211723338,-0.6344661929501294,-1.207243088385628,-0.4448429974665343,0.09553316657286645,-0.5846513032081401,-0.5162577536411053,1.398144350046176,0.8057708538076096,-0.8693872699758135,-0.7715327063261425,-0.3783374023025434,0.0764434649856033,-0.34854631061345864,-0.9748986650202252,-1.2240099613807862,-1.1657736537066659,-1.370830961506109,-0.31748223801623543,-0.37293203900380806,-0.21838704265389383,-0.4029868690990549,-0.6065651146522364,-0.44185494671196734,-1.0432568440600403,-1.3163382127827425,-1.4738541308359596,-1.2506247085486877,-0.8846285036772497,-0.7983864326332238,-0.8575364714664384,-0.9003453953303213,-1.1620496780843754,-0.8663368925293881,-0.4400741762328094,1.2495042295555614,2.666032607725187,0.5762603124355131,-1.2468313429751559,0.11096093008671111,0.22983405488993353,-0.039916299615023874,1.6466601995347814,0.4441374384302167,0.0584945551094743
3.1586059906169304,1.313582068118264,0.5045458060586494,0.15363552386042958,-0.26070960965004797,0.30891597892298717,-0.413482881280349,3.4320623250425495,3.5265279743659947,2.5067610667462845,1.0425041445235863,-0.5592239507504302,-0.4500977750290211,0.11897153985963452,0.561828274911973,0.7397988185263802,-0.6044772996018891,-0.9769919186951195,-1.1861909178857342,1.0223875972749918,1.474181871474328,-0.8173620071218544,-2.245814497727259,-2.1215444677756685,-1.8096368261603493,-1.460078652270005,-1.8001850452822772,-1.5441051089561757,-1.127839567782873,-0.29143099259319943,-1.3011829241732313,-0.5094627348388407,0.2505643704420562,0.8625059354733944,1.067363790662207,1.3382461481746075,1.5773786141936614,2.1471674253871518,1.8290521619198772,1.1469610000704256,-0.10766910201374438,-0.7632496134405486,-0.3260209500474809,0.06103484565405213,1.4668948419934642,1.0478846448070454,0.05189017499582697,0.6611794078287758,1.521863190853441,2.2387370215153006,0.37403145958069645,-0.6177176822469654,-0.3983472798836411,2.787611638774015,1.3573942349705195,2.2721434969575682,0.8213016873043478,1.9818772899095916,2.001963441091517,-0.4925676529081561
-0.8906927832974708,0.6889115695901598,1.7787718864639928,1.3858385844933698,-0.6393151273186073,0.34450241369135354,2.1593283592756554,3.837030088942365,4.260716761145454,2.551020158035956,0.9270516978936303,-1.2479580436882909,0.27949302886081606,0.6827736657506402,0.3308586757605167,0.07702706501127476,-1.0736456442210678,-1.182053216829743,-0.8863810971279696,1.348649388350405,1.3914993107611124,-1.1335214732766412,-1.8491711895182923,-2.144973403208527,-2.4370151729141893,-1.6141247149666655,-1.7743645675041948,-0.465641445311823,-0.7923342103472444,0.6847541476207549,-1.4634800035003745,-0.7624255713190137,0.9339860847330204,1.9469450845242362,1.789395922959456,2.0908503313458504,1.9822922558607972,2.955286432269365,1.7944094532954846,0.6894611813599245,1.288201285170654,0.5652463629287414,-0.6538543625014774,-0.5282151457221057,0.4384808911655648,0.10378404456309147,0.4768927817758932,2.6344416564467665,1.727545494685455,-0.009955195185929733,2.7490763999085477,1.0713679301668253,0.9897302000860636,3.4812527128291357,0.91421794878961,4.279240707265416,2.1394924836095086,1.4551075764634613,2.5418041350830567,1.654674743850197
-0.7007371199902735,-0.9947241550141592,-0.9481221909320572,-0.5069909909999198,-0.3597839507221944,-0.18573546435730506,-0.26916658345419014,-0.5113555508332074,-0.08606406307314868,-0.0479720360297235,-0.5570978696537773,-1.0268632655858367,-1.141164926558296,-1.1207450886800132,-0.8640917339153692,-0.6433575969967202,-0.5168781637688719,-0.6507043636978007,-0.4253748272874586,0.042473290515619315,0.2758459349836964,0.9407104528888702,1.398144350046176,0.9242171384959502,0.6446639944848876,0.9300769718188127,0.9600240291947237,0.9134927961088352,0.7696627777647542,0.524587986001492,0.34283504076886323,0.22807478289876454,0.14645120921534027,0.45790232313746615,0.6773307755642672,0.5533606883187124,0.6549594840518443,0.20825630105482873,-0.5007992569086956,-1.1132993436439078,-1.0808831912043662,-1.416935354463247,-0.9994276782267941,-1.1807605325913546,-1.2871963989985051,-0.8942223790096213,-1.0060217191783378,-1.0658327585236635,-0.9491811537950603,-0.8173715280283178,-1.194885088592081,-0.9954014216686826,-0.354046934778225,-0.057732358880663276,0.05556389431409725,-1.0378062884623913,-0.7429513909777763,-0.7796730260352728,-0.7743601280078297,-0.7015912490527746
0.17027909224760687,-0.8281453554066648,-0.3273453825294541,0.06251462525900206,-0.007716202983674137,-0.1341351339431739,-0.3371777123147936,-0.35196590614960643,-0.5790069495703895,0.15365271317877774,0.7053495358868302,0.8126771004248696,0.2684862710435124,-0.9729900487913359,-0.9554643225906706,-0.9475001604359297,-0.8155833251454221,-0.762484418727039,-1.1036458763264536,-1.2076324418402316,-1.042959614853792,-0.11240167366005034,0.7136927877099712,0.9663024484401589,1.2450495310133343,1.257702315536782,1.0207021519732171,1.3304811886453167,1.137993945267147,0.7206534597078307,1.2127848031564301,1.2459601047354973,0.5003404407244979,-0.8222854910246976,-1.1096610675221388,-0.943214313329041,-1.006812773459521,-0.9962623134686588,-0.7665657081465753,-1.5846964837004143,-0.8053136103941184,-1.1863262914274117,-0.9433695838894225,-0.34360357553392323,-0.6882227829935451,-1.1884583313457624,-0.5672352440702694,0.5078846546303536,0.35061673847669445,-0.1759660299759535,-0.9695158606777594,-0.7436122620542045,-0.22114589946197674,0.40941367058503003,-0.4014616508099657,-0.35116776914654857,-0.7956790228299827,-0.715822151678166,-0.2807914935012793,0.0014881197973056523
-0.06600722064671193,-0.004175221633879716,0.1501752393187021,0.6506586071409433,0.6415745679712852,0.12386651812748208,0.25833436722073533,1.2053299556109094,1.235127383598785,1.6641991066392152,1.4214893497653989,0.7204217253893133,0.21816966387869635,-0.7409887142292899,-0.6996210742998267,-0.7201748083205735,-0.7417948638806731,-0.6644800747049252,-0.9813857676018587,-1.4168614566475322,-1.2188003548321238,-0.02846886300229154,0.5980051561490224,0.6487102125725204,0.652843633947128,0.6281999613469711,0.9002065890088329,1.3304811886453167,0.6281281161781866,-0.2187118732373272,0.6426403083443636,0.9618990846880369,0.33557419933359467,-0.8036830260897124,-1.0862967709655473,-1.2671531712226982,-0.7778760182841784,-0.6357684673890935,-0.708655508655053,-1.1605502362203266,-0.7239217510830749,-1.3265694620777033,-1.3059732067552068,-0.5719191092768591,-0.8966761559644343,-0.8133636440164833,-0.738384942476296,0.16378685755729916,0.5934361249450445,0.5484448854714228,-0.14605137406773808,-0.42887581253610685,-0.9299514211486343,-0.8929328358041759,-0.6784468296730343,0.2650462866497204,-0.4441614771486065,-0.4125304984819092,-0.23451943401629022,0.6855653435433297
